seed,spacing,hole_dist,in_hole,err_unguided,err_M20,err_force_ii,err_teacher_sign_tmag,benefit_force_ii,benefit_teacher_sign_tmag
42,0.658442,1.449722,0,0.749838,0.14898,0.327012,1.098484,0.422826,-0.348646
42,1.289787,0.644894,1,0.825028,0.980806,0.18382,1.04015,0.641208,-0.215122
42,0.644894,1.13168,0,1.388514,0.876672,3.03531,2.063552,-1.646796,-0.675038
42,0.644894,1.109431,0,1.208814,0.986274,0.504104,0.81566,0.70471,0.393154
42,0.644894,0.921647,0,0.235456,0.231878,0.279964,0.265128,-0.044508,-0.029672
42,0.644894,0.644894,1,1.32204,0.402208,0.446716,1.870972,0.875324,-0.548932
42,0.644894,1.109431,0,0.979382,1.187086,0.548726,0.942292,0.430656,0.03709
42,0.644894,1.13168,0,0.287312,0.168624,1.600298,0.51727,-1.312986,-0.229958
42,0.644894,0.658442,0,2.130788,1.834068,2.219804,3.139636,-0.089016,-1.008848
42,0.902746,0.644894,1,0.814848,0.940954,0.1769,0.495874,0.637948,0.318974
42,0.644894,1.575785,0,0.635352,0.034494,0.65538,0.34605,-0.020028,0.289302
42,0.644894,2.23623,0,0.758354,0.112988,0.7361,1.240524,0.022254,-0.48217
42,0.644894,1.717221,0,1.652106,1.733704,1.852392,2.104604,-0.200286,-0.452498
42,0.902746,0.644894,1,1.173828,1.084812,0.94387,1.255426,0.229958,-0.081598
42,0.644894,1.866398,0,0.73845,0.159128,0.560418,1.302218,0.178032,-0.563768
42,0.644894,1.826794,0,1.438614,0.882264,0.222062,1.646318,1.216552,-0.207704
42,0.644894,2.500598,0,0.268126,0.88382,0.04343,0.295642,0.224696,-0.027516
42,0.902746,0.644894,1,0.184986,0.742264,0.192404,0.555886,-0.007418,-0.3709
42,0.644894,0.644894,0,0.67856,0.515364,0.648888,2.406954,0.029672,-1.728394
42,0.644894,2.411571,0,0.490578,0.609266,0.564758,0.787298,-0.07418,-0.29672
42,0.644894,0.644894,0,0.762064,0.584032,0.546942,1.03653,0.215122,-0.274466
42,1.707575,0.644894,1,1.949656,0.072902,1.845804,1.23011,0.103852,0.719546
42,0.902746,0.644894,1,0.103458,0.408384,0.13313,0.512236,-0.029672,-0.408778
42,0.644894,0.945777,0,2.275864,1.912382,2.075578,2.149758,0.200286,0.126106
42,0.644894,1.347328,0,1.185364,1.111184,1.029586,1.726878,0.155778,-0.541514
42,0.644894,1.307457,0,0.489884,0.5789,0.02255,0.156074,0.467334,0.33381
42,1.109431,0.644894,1,0.96218,0.880582,0.828656,1.607546,0.133524,-0.645366
42,0.644894,1.087947,0,0.616328,0.772106,0.690508,0.779524,-0.07418,-0.163196
42,0.658442,0.644894,1,2.284262,1.727912,1.713076,2.899956,0.571186,-0.615694
42,0.644894,1.29011,0,0.943854,0.342996,0.417176,0.854838,0.526678,0.089016
42,1.465181,0.691814,1,0.916124,0.93096,0.738092,0.908706,0.178032,0.007418
42,0.644894,1.291569,0,0.192404,0.401036,0.303674,0.3556,-0.11127,-0.163196
42,0.658442,0.644894,1,0.141646,0.140238,0.512546,0.371604,-0.3709,-0.229958
42,1.463611,0.644894,1,2.960038,1.825084,1.869592,2.262746,1.090446,0.697292
42,0.644894,1.933496,0,0.013206,0.057714,1.229758,1.793526,-1.216552,-1.78032
42,0.644894,1.109431,0,0.75162,2.005262,0.049524,0.86289,0.702096,-0.11127
42,0.644894,0.644894,0,0.93245,0.457698,1.199498,1.889372,-0.267048,-0.956922
42,0.644894,1.137347,0,0.213674,0.21657,0.750666,1.418286,-0.536992,-1.204612
42,0.644894,1.109431,0,0.28962,0.207386,0.199968,0.67472,0.089652,-0.3851
42,1.109431,0.644894,1,1.363088,0.150184,0.176208,0.443256,1.18688,0.919832
42,0.644894,1.291569,0,0.432974,1.33797,0.687144,0.551662,-0.25417,-0.118688
42,1.493714,0.644894,1,0.420108,1.189598,0.019536,0.85777,0.400572,-0.437662
42,1.490283,0.658442,1,3.630884,2.82974,2.688798,3.230312,0.942086,0.400572
42,0.644894,0.916036,0,0.155254,0.742324,0.081074,0.319498,0.07418,-0.164244
42,2.057243,0.658442,1,3.181212,2.884492,2.884492,3.00318,0.29672,0.178032
42,1.185746,0.658442,1,3.556376,2.851666,2.770068,3.422852,0.786308,0.133524
42,0.986128,0.658442,1,2.95281,2.32228,2.032978,2.797032,0.919832,0.155778
42,1.291569,0.644894,1,1.166654,0.480142,0.061372,0.536124,1.105282,0.63053
42,0.644894,1.805492,0,0.427398,0.536942,0.462762,0.744646,-0.035364,-0.317248
42,0.644894,1.707575,0,0.427656,0.212534,0.665032,1.199128,-0.237376,-0.771472
42,0.902746,0.902746,1,0.442698,0.724582,0.895196,0.205322,-0.452498,0.237376
42,0.658442,0.945777,0,1.401008,0.104846,0.483164,0.451504,0.917844,0.949504
42,0.644894,0.902746,0,0.009662,0.24255,0.784064,0.509598,-0.774402,-0.499936
42,0.644894,2.018016,0,2.153256,1.114736,2.02715,2.071658,0.126106,0.081598
42,0.644894,1.575785,0,0.297512,0.104644,0.015628,0.741008,0.281884,-0.443496
42,0.644894,1.289787,0,0.771882,0.356474,0.92766,1.513682,-0.155778,-0.7418
42,0.691814,0.644894,1,0.28306,0.169438,0.090192,0.416584,0.192868,-0.133524
42,0.644894,1.931518,0,1.36442,1.497944,1.483108,1.082536,-0.118688,0.281884
42,0.644894,1.937283,0,2.090144,1.17773,2.119816,2.839362,-0.029672,-0.749218
42,0.644894,1.937283,0,0.723408,0.018392,0.812118,0.38218,-0.08871,0.341228
42,0.658442,0.921647,0,0.408076,0.49692,0.141028,1.624456,0.267048,-1.21638
42,0.902746,2.329978,0,1.465204,0.790166,0.96078,2.006718,0.504424,-0.541514
42,0.644894,2.073257,0,1.090436,0.044518,0.029662,0.133514,1.060774,0.956922
42,0.644894,1.73787,0,0.789676,1.027052,0.485538,0.538146,0.304138,0.25153
42,0.644894,1.289787,0,0.108624,0.373546,1.132308,0.776244,-1.023684,-0.66762
42,0.644894,2.38899,0,2.5307,2.055948,2.805166,2.998034,-0.274466,-0.467334
42,0.644894,1.806218,0,0.217164,0.016878,0.26909,0.227916,-0.051926,-0.010752
42,1.289787,0.644894,1,0.51449,0.840882,0.33858,0.855718,0.17591,-0.341228
42,0.644894,1.574326,0,0.198042,0.198042,0.46216,0.447324,-0.264118,-0.249282
42,0.902746,0.691814,1,0.188866,1.108698,0.12269,0.278468,0.066176,-0.089602
42,0.644894,0.902746,0,1.217228,1.276572,1.996118,1.46944,-0.77889,-0.252212
42,0.644894,1.715882,0,1.260154,1.378842,2.83277,2.217076,-1.572616,-0.956922
42,1.109431,0.644894,1,0.11761,0.342306,0.980254,0.777812,-0.862644,-0.660202
42,0.644894,0.644894,0,0.995404,0.394546,0.060736,1.284706,0.934668,-0.289302
42,0.644894,1.120272,0,0.533286,0.542324,0.985784,0.399762,-0.452498,0.133524
42,0.644894,1.109431,0,0.058866,0.518782,0.03015,0.43814,0.028716,-0.379274
42,0.644894,1.574326,0,0.516986,0.439936,0.20543,0.558624,0.311556,-0.041638
42,0.644894,0.644894,0,0.137582,0.678398,0.693234,0.426186,-0.555652,-0.288604
42,0.644894,1.13168,0,2.445638,2.445638,3.521248,2.875882,-1.07561,-0.430244
42,0.735998,0.902746,0,0.511696,1.142226,0.430098,1.965624,0.081598,-1.453928
42,0.644894,1.715882,0,0.69426,0.672006,1.23442,0.427212,-0.54016,0.267048
42,0.644894,1.289787,0,2.285468,1.172768,1.469488,1.558504,0.81598,0.726964
42,0.644894,0.644894,0,1.130876,0.26297,0.204364,0.018914,0.926512,1.111962
42,0.644894,0.921647,0,0.044338,0.660372,0.868076,0.125936,-0.823738,-0.081598
42,0.644894,0.691814,0,0.278712,0.374072,0.299892,0.069934,-0.02118,0.208778
42,0.658442,0.644894,1,1.584022,2.081028,1.532096,0.255642,0.051926,1.32838
42,0.644894,1.805492,0,0.517834,0.836808,1.57119,0.992586,-1.053356,-0.474752
42,0.644894,1.826794,0,0.358984,0.166116,0.323472,0.143862,0.035512,0.215122
42,0.644894,0.691814,0,0.859396,1.489926,1.037428,1.32673,-0.178032,-0.467334
42,0.644894,0.902746,0,1.301192,1.167668,1.471806,1.293774,-0.170614,0.007418
42,0.644894,0.644894,0,0.2684,0.661554,0.30549,0.757988,-0.03709,-0.489588
42,0.644894,0.902746,0,0.577002,1.430072,0.910812,1.17786,-0.33381,-0.600858
42,1.449722,0.644894,1,0.977596,0.10969,0.85149,0.042928,0.126106,0.934668
42,0.644894,0.691814,0,0.990764,0.359312,0.411238,0.100604,0.579526,0.89016
42,0.644894,1.937283,0,0.255216,0.492592,0.901992,0.768468,-0.646776,-0.513252
42,0.644894,1.109431,0,0.314742,0.412222,0.12292,0.323206,0.191822,-0.008464
42,0.644894,1.574326,0,1.361056,0.960484,0.167052,0.552494,1.194004,0.808562
42,0.644894,1.931518,0,1.28924,0.725472,0.502932,1.155716,0.786308,0.133524
42,1.347328,0.644894,1,0.698378,0.57969,0.268134,0.006332,0.430244,0.692046
42,1.119045,0.644894,1,0.848664,0.28629,0.19588,0.210716,0.652784,0.637948
42,0.644894,1.937283,0,3.65149,2.227234,3.065468,4.65292,0.586022,-1.00143
42,0.902746,1.291569,0,0.499154,1.325674,1.040668,0.432392,-0.541514,0.066762
42,1.315625,0.902746,1,1.042886,0.50879,0.642314,0.761002,0.400572,0.281884
42,0.902746,1.581984,0,1.49182,2.018498,1.818212,2.189112,-0.326392,-0.697292
42,0.644894,1.109431,0,0.372274,0.379692,0.468708,0.065388,-0.096434,0.306886
42,0.644894,1.29011,0,1.299468,1.062092,0.058026,1.573934,1.241442,-0.274466
42,0.644894,1.805492,0,0.521072,1.292544,0.235564,0.2504,0.285508,0.270672
42,0.658442,1.830125,0,0.868198,0.0448,0.578896,1.179754,0.289302,-0.311556
42,0.644894,1.117361,0,0.705494,0.245578,0.520044,0.770688,0.18545,-0.065194
42,0.691814,0.902746,0,0.068496,0.102118,0.406256,0.858754,-0.33776,-0.790258
42,0.644894,2.324734,0,0.63332,0.774262,0.128896,0.286512,0.504424,0.346808
42,0.644894,1.289787,0,0.381508,0.529868,0.589212,1.00462,-0.207704,-0.623112
42,0.902746,0.902746,1,0.319794,0.088196,1.699542,0.267868,-1.379748,0.051926
42,0.644894,1.109431,0,0.658934,0.22869,0.139674,0.03094,0.51926,0.627994
42,0.644894,1.43778,0,0.521448,1.315174,0.161008,0.1165,0.36044,0.404948
42,0.644894,0.644894,0,0.015448,0.816592,0.371512,1.9738,-0.356064,-1.958352
42,0.644894,1.574326,0,0.11387,0.069362,0.130924,0.427644,-0.017054,-0.313774
42,1.720961,0.644894,1,0.708748,1.48022,0.308176,0.59006,0.400572,0.118688
42,0.644894,0.658442,0,0.499438,0.558782,1.23382,0.002432,-0.734382,0.497006
42,0.902746,1.805492,0,0.480796,1.007474,0.695918,1.749274,-0.215122,-1.268478
42,0.902746,1.120272,0,1.24108,1.485874,1.085302,1.033376,0.155778,0.207704
42,0.658442,1.805492,0,0.139034,0.380226,0.072272,0.461824,0.066762,-0.32279
42,0.902746,3.051781,0,0.47664,1.581922,1.89712,0.198398,-1.42048,0.278242
42,0.644894,1.117361,0,0.12615,0.778846,0.34869,0.207748,-0.22254,-0.081598
42,0.644894,0.644894,0,1.237968,1.905588,1.371492,1.482762,-0.133524,-0.244794
42,0.644894,2.291268,0,0.045708,0.616894,0.735582,0.424026,-0.689874,-0.378318
42,0.644894,0.658442,0,0.485452,0.189586,0.337946,1.576752,0.147506,-1.0913
42,0.691814,2.637222,0,0.977462,0.76234,1.459632,2.13467,-0.48217,-1.157208
42,0.644894,1.754723,0,1.155816,1.333848,0.691266,1.02971,0.46455,0.126106
42,0.644894,1.826794,0,1.28371,0.712524,0.9499,1.899404,0.33381,-0.615694
42,0.902746,1.447636,0,0.91938,1.431222,1.423804,1.609254,-0.504424,-0.689874
42,0.644894,3.084281,0,0.173804,0.953732,1.360684,0.00319,-1.18688,0.170614
42,0.644894,0.658442,0,0.526722,0.68983,0.57123,0.230002,-0.044508,0.29672
42,0.644894,0.644894,0,0.13401,1.282828,0.816466,1.98851,-0.682456,-1.8545
42,0.644894,0.644894,0,0.43742,0.45274,0.311798,1.728636,0.125622,-1.291216
42,0.644894,1.706472,0,0.206622,0.394236,1.52919,0.631612,-1.322568,-0.42499
42,0.644894,1.581984,0,0.005402,0.843636,0.316958,0.509826,-0.311556,-0.504424
42,0.644894,1.679323,0,1.759008,1.19524,2.434046,2.003802,-0.675038,-0.244794
42,0.644894,1.109431,0,0.671428,0.612084,1.14618,1.92507,-0.474752,-1.253642
42,0.644894,0.644894,0,0.252442,0.48194,0.326162,0.155548,-0.07372,0.096894
42,0.644894,0.691814,0,1.30567,0.014938,0.185552,0.74932,1.120118,0.55635
42,0.644894,2.137291,0,0.593306,1.001296,1.698588,1.335106,-1.105282,-0.7418
42,0.644894,1.43778,0,0.656086,0.930552,0.87944,0.515144,-0.223354,0.140942
42,0.644894,1.717221,0,0.532016,0.724884,0.687794,1.155128,-0.155778,-0.623112
42,0.902746,1.109431,0,0.085524,0.241302,0.167122,0.233884,-0.081598,-0.14836
42,0.921647,0.644894,1,0.257352,0.071902,0.939808,0.212844,-0.682456,0.044508
42,0.644894,0.644894,1,1.332886,1.303214,0.53916,0.754282,0.793726,0.578604
42,0.644894,1.805492,0,0.144974,0.619726,1.554394,1.465378,-1.40942,-1.320404
42,0.902746,1.574326,0,0.872286,0.493968,0.642328,0.22692,0.229958,0.645366
42,0.644894,1.805492,0,0.611286,1.145382,0.574196,0.29371,0.03709,0.317576
42,0.902746,0.902746,0,1.64562,1.927504,2.380002,2.305822,-0.734382,-0.660202
42,1.109431,0.644894,1,1.291122,1.676858,0.771862,0.386126,0.51926,0.904996
42,1.438735,0.902746,1,2.232922,2.94505,2.180996,2.284848,0.051926,-0.051926
42,0.644894,0.902746,0,0.709068,0.308496,0.2256,0.833876,0.483468,-0.124808
43,1.289787,0.658442,1,1.402622,0.77951,0.378938,1.031722,1.023684,0.3709
43,0.691814,0.644894,1,0.609906,0.365112,0.810192,1.255272,-0.200286,-0.645366
43,1.119045,0.644894,1,3.747438,2.508632,4.474402,4.771122,-0.726964,-1.023684
43,0.644894,1.137347,0,1.053036,1.78,0.340908,1.14947,0.712128,-0.096434
43,0.902746,0.644894,1,0.732462,0.52118,1.273976,1.22205,-0.541514,-0.489588
43,0.644894,0.945777,0,0.179668,0.339592,1.307204,1.158844,-1.127536,-0.979176
43,0.644894,1.291569,0,1.17225,0.957128,0.34844,1.053562,0.82381,0.118688
43,0.644894,1.109431,0,0.265058,0.209694,1.5187,0.806572,-1.253642,-0.541514
43,0.658442,0.644894,1,2.167878,2.004682,3.510536,3.60697,-1.342658,-1.439092
43,0.644894,1.119045,0,0.297852,0.60199,0.421694,0.481038,-0.123842,-0.183186
43,0.644894,1.43778,0,0.071584,0.116092,0.17321,0.128702,-0.101626,-0.057118
43,2.137291,0.644894,1,1.470482,1.151508,0.372618,1.158926,1.097864,0.311556
43,0.644894,1.119045,0,1.281206,1.644688,2.015588,2.2678,-0.734382,-0.986594
43,0.644894,0.691814,0,0.16883,0.75842,0.884526,0.847436,-0.715696,-0.678606
43,1.581378,0.644894,1,0.827466,0.471402,0.29337,1.176112,0.534096,-0.348646
43,1.119045,0.644894,1,1.386688,0.904518,0.251734,1.238328,1.134954,0.14836
43,0.902746,0.644894,1,0.008496,0.594518,0.659124,0.075258,-0.650628,-0.066762
43,0.644894,1.315625,0,0.860024,0.185914,0.171078,0.46687,0.688946,0.393154
43,0.644894,0.921647,0,1.153312,0.478274,0.871428,1.635482,0.281884,-0.48217
43,1.575785,0.644894,1,1.084018,0.77988,1.15078,0.898568,-0.066762,0.18545
43,0.945777,0.644894,1,0.784318,0.276456,0.836244,1.59288,-0.051926,-0.808562
43,0.644894,0.945777,0,0.10513,0.409268,1.133676,0.347368,-1.028546,-0.242238
43,0.644894,1.117361,0,0.526284,0.155384,0.927644,0.34904,-0.40136,0.177244
43,0.945777,0.644894,1,2.112668,1.430212,2.394552,2.654182,-0.281884,-0.541514
43,1.117361,0.644894,1,0.695776,0.035574,1.370814,1.444994,-0.675038,-0.749218
43,0.644894,0.644894,1,0.57089,0.615398,0.423122,0.794022,0.147768,-0.223132
43,1.120272,0.644894,1,1.229228,0.724804,2.215822,1.911684,-0.986594,-0.682456
43,0.644894,1.087947,0,1.372964,0.080964,1.3878,0.972392,-0.014836,0.400572
43,1.119045,0.644894,1,1.935616,1.601806,3.018644,3.048316,-1.083028,-1.1127
43,0.644894,0.902746,0,0.543282,0.632298,0.51361,1.003198,0.029672,-0.459916
43,0.902746,0.691814,1,0.88645,0.359774,0.463626,0.322682,0.422824,0.563768
43,0.644894,2.229171,0,0.54105,0.171078,0.104316,1.141908,0.436734,-0.600858
43,1.109431,0.644894,1,0.727668,0.13282,1.298854,0.690578,-0.571186,0.03709
43,0.644894,0.945777,0,0.660458,0.385992,0.72722,2.21082,-0.066762,-1.550362
43,0.644894,1.917209,0,0.802774,0.829186,2.78012,1.363282,-1.977346,-0.560508
43,0.902746,0.644894,1,0.581006,0.49199,0.69489,0.699694,-0.113884,-0.118688
43,0.644894,0.644894,0,2.78695,2.401214,3.60293,4.0851,-0.81598,-1.29815
43,0.644894,1.109431,0,0.161748,1.047386,2.315864,0.8471,-2.154116,-0.685352
43,0.902746,0.644894,1,1.401684,0.793408,2.180574,1.446192,-0.77889,-0.044508
43,0.644894,1.109431,0,0.328216,0.187274,0.380142,0.305962,-0.051926,0.022254
43,1.119045,0.644894,1,1.065462,1.310256,1.354764,1.139642,-0.289302,-0.07418
43,0.644894,1.465181,0,1.102564,0.262348,0.455216,0.427526,0.647348,0.675038
43,0.658442,1.742143,0,1.294214,2.036014,2.065686,2.176956,-0.771472,-0.882742
43,0.644894,0.902746,0,1.38769,0.066238,2.42621,1.914368,-1.03852,-0.526678
43,0.658442,1.336936,0,1.230278,2.053676,1.823718,1.319294,-0.59344,-0.089016
43,0.658442,2.340921,0,1.560934,2.035686,2.16921,2.043104,-0.608276,-0.48217
43,0.658442,2.160045,0,1.39503,1.69175,2.314862,1.306014,-0.919832,0.089016
43,0.691814,0.644894,1,0.368872,0.205676,0.420798,0.480142,-0.051926,-0.11127
43,0.644894,1.821434,0,0.486742,0.190022,0.27162,0.158624,0.215122,0.328118
43,0.916036,0.644894,1,1.15462,1.659044,1.354906,1.762896,-0.200286,-0.608276
43,1.413711,0.902746,1,0.64033,0.08398,1.018648,1.063156,-0.378318,-0.422826
43,0.945777,0.658442,1,0.859494,0.498,0.179026,0.458922,0.680468,0.400572
43,0.644894,0.902746,0,0.546688,0.57636,0.064518,0.287058,0.48217,0.25963
43,0.644894,1.137347,0,0.884778,1.055392,1.871372,1.678504,-0.986594,-0.793726
43,0.644894,1.581378,0,0.17724,0.0453,0.043716,0.163988,0.133524,0.013252
43,0.644894,0.644894,0,0.33422,0.3334,1.365322,1.179872,-1.031102,-0.845652
43,0.644894,1.315625,0,1.254818,0.058168,0.327568,1.17322,0.92725,0.081598
43,0.691814,0.644894,1,1.060282,1.535034,1.119626,1.898516,-0.059344,-0.838234
43,0.644894,0.644894,1,2.794854,2.112398,2.082726,1.73408,0.712128,1.060774
43,1.291569,0.644894,1,1.01271,1.064636,0.196424,0.315418,0.816286,0.697292
43,0.658442,1.109431,0,0.60819,0.719632,0.667534,0.430158,-0.059344,0.178032
43,1.43778,0.902746,1,1.576474,1.2575,0.40443,1.242664,1.172044,0.33381
43,0.644894,0.902746,0,0.089006,0.289312,0.326402,0.178042,-0.237396,-0.089036
43,0.644894,1.291569,0,0.782258,0.418776,0.018886,1.041888,0.763372,-0.25963
43,1.119045,0.644894,1,1.822182,1.75542,1.592224,2.697506,0.229958,-0.875324
43,0.644894,1.595562,0,1.032264,1.581196,3.094468,3.168648,-2.062204,-2.136384
43,0.644894,1.109431,0,0.803186,0.254254,0.443038,0.465292,0.360148,0.337894
43,0.658442,0.644894,1,0.076828,0.306786,1.048586,1.152438,-0.971758,-1.07561
43,0.644894,1.29011,0,0.606032,0.123862,0.183206,0.766298,0.422826,-0.160266
43,0.691814,1.465181,0,0.805146,0.159194,0.17403,0.41941,0.631116,0.385736
43,0.644894,1.575785,0,0.303462,0.5051,0.364158,0.466658,-0.060696,-0.163196
43,1.119045,0.644894,1,4.405386,4.590836,4.576,5.710954,-0.170614,-1.305568
43,0.644894,1.109431,0,0.97068,0.861566,0.288224,0.540436,0.682456,0.430244
43,0.644894,0.691814,0,0.703318,0.080206,1.217944,0.542906,-0.514626,0.160412
43,0.644894,1.109431,0,0.579414,0.77808,1.840474,1.024494,-1.26106,-0.44508
43,0.644894,1.595562,0,0.779368,0.184972,0.058866,1.03158,0.720502,-0.252212
43,0.644894,0.735998,0,1.35235,0.343502,1.159482,0.336084,0.192868,1.016266
43,0.644894,0.691814,0,0.93061,1.716918,0.74516,0.033032,0.18545,0.897578
43,0.902746,0.644894,1,2.62367,2.32695,2.950062,3.40256,-0.326392,-0.77889
43,0.735998,2.250922,0,1.216406,1.602142,1.654068,1.891444,-0.437662,-0.675038
43,0.644894,1.575785,0,0.551964,0.5459,0.744832,0.143974,-0.192868,0.40799
43,0.644894,0.644894,1,1.87006,0.935392,1.3508,1.706864,0.51926,0.163196
43,0.644894,0.921647,0,0.129446,0.18879,0.063422,0.018176,0.066024,0.11127
43,1.119045,0.644894,1,0.563598,0.682626,0.33398,0.066932,0.229618,0.496666
43,1.109431,0.644894,1,0.225712,0.78948,0.21195,0.352892,0.013762,-0.12718
43,0.644894,0.658442,0,1.168614,1.450498,1.673038,1.25763,-0.504424,-0.089016
43,0.644894,1.291569,0,0.540088,0.56976,2.327826,1.971762,-1.787738,-1.431674
43,0.902746,0.644894,1,0.894658,0.412488,0.106772,1.10978,0.787886,-0.215122
43,0.691814,0.644894,1,0.112362,0.84456,2.342996,1.022592,-2.230634,-0.91023
43,0.644894,0.902746,0,0.581646,0.685498,2.428728,1.67951,-1.847082,-1.097864
43,0.902746,0.644894,1,0.332458,0.480818,1.41819,0.97311,-1.085732,-0.640652
43,0.644894,1.26472,0,0.962738,1.519088,0.703108,1.21495,0.25963,-0.252212
43,0.691814,0.644894,1,0.216702,0.235796,0.89174,0.832396,-0.675038,-0.615694
43,0.691814,0.644894,1,0.909166,0.641196,0.166444,0.701462,0.742722,0.207704
43,1.119045,0.644894,1,0.264044,0.373904,0.583018,1.154204,-0.318974,-0.89016
43,0.658442,0.644894,1,0.06253,0.953736,0.30837,0.1971,-0.24584,-0.13457
43,0.644894,1.291569,0,0.070324,0.114832,0.76791,0.775034,-0.697586,-0.70471
43,0.902746,0.644894,1,0.02818,0.525186,0.476244,0.784816,-0.448064,-0.756636
43,0.644894,0.644894,1,0.12502,0.9135,0.550018,0.053012,-0.424998,0.072008
43,0.986128,0.644894,1,0.672026,0.17502,0.13793,0.32338,0.534096,0.348646
43,0.644894,1.119045,0,3.028378,2.420102,4.348782,2.68715,-1.320404,0.341228
43,0.902746,1.289787,0,0.361334,0.07945,0.00527,0.910266,0.356064,-0.548932
43,0.902746,0.945777,0,0.730016,0.04756,0.025306,0.38137,0.70471,0.348646
43,0.902746,1.291569,0,1.78854,1.833048,2.189112,1.617926,-0.400572,0.170614
43,0.644894,0.644894,0,0.847026,0.0533,1.692678,0.045882,-0.845652,0.801144
43,0.644894,0.658442,0,1.633278,0.913732,0.88406,1.51459,0.749218,0.118688
43,0.644894,2.038209,0,1.366724,0.350458,0.313368,0.276278,1.053356,1.090446
43,1.575785,0.658442,1,1.424548,0.779182,0.393446,1.253934,1.031102,0.170614
43,0.644894,1.595562,0,0.252996,1.247008,0.117904,0.230742,0.135092,0.022254
43,0.691814,1.720961,0,0.91068,0.20597,0.57687,1.333506,0.33381,-0.422826
43,0.902746,0.644894,1,0.93004,0.240166,0.351436,0.566558,0.578604,0.363482
43,0.735998,0.644894,1,2.295352,1.457118,2.399204,2.569818,-0.103852,-0.274466
43,0.902746,1.707575,0,0.689054,0.22172,0.201106,0.978356,0.487948,-0.289302
43,0.644894,0.902746,0,0.213854,0.963072,0.295452,0.325124,-0.081598,-0.11127
43,0.644894,2.073257,0,0.03186,0.454686,0.795914,0.235188,-0.764054,-0.203328
43,0.644894,1.29011,0,0.705322,0.297332,0.957534,1.536138,-0.252212,-0.830816
43,0.644894,0.902746,0,0.15096,0.677638,0.672438,0.746618,-0.521478,-0.595658
43,0.644894,0.691814,0,0.685836,0.434282,0.716166,0.070142,-0.03033,0.615694
43,0.658442,0.644894,1,0.301706,1.308,0.183018,0.145928,0.118688,0.155778
43,0.902746,2.807873,0,0.639322,0.265674,0.839608,0.681082,-0.200286,-0.04176
43,0.902746,1.119045,0,1.144646,0.232232,1.441366,1.233662,-0.29672,-0.089016
43,0.658442,0.902746,0,0.020346,0.806654,0.395062,0.128014,-0.374716,-0.107668
43,0.902746,1.336936,0,0.613806,0.024142,0.294832,0.628642,0.318974,-0.014836
43,0.644894,1.109431,0,0.118732,0.170658,0.103808,0.170658,0.014924,-0.051926
43,0.644894,1.119045,0,0.342066,0.097272,1.200878,0.318136,-0.858812,0.02393
43,0.644894,1.43778,0,0.11007,0.171814,0.340028,0.327592,-0.229958,-0.217522
43,0.644894,0.902746,0,0.47147,0.841516,0.597576,0.65692,-0.126106,-0.18545
43,0.691814,1.720961,0,0.198572,0.31726,1.274182,1.674754,-1.07561,-1.476182
43,0.644894,1.291569,0,0.02828,0.799752,0.461308,0.421434,-0.433028,-0.393154
43,0.644894,1.291569,0,0.044112,0.281488,2.188706,0.377922,-2.144594,-0.33381
43,0.902746,2.687284,0,1.342206,1.542492,1.29028,0.99356,0.051926,0.348646
43,0.644894,0.902746,0,0.731192,0.760864,0.649594,0.160006,0.081598,0.571186
43,1.109431,0.644894,1,0.007374,0.437706,0.037134,0.370944,-0.02976,-0.36357
43,0.644894,1.347328,0,1.187366,0.007904,0.044022,1.068678,1.143344,0.118688
43,0.644894,1.581378,0,0.460158,0.148118,0.905238,0.927492,-0.44508,-0.467334
43,0.644894,0.902746,0,0.965422,0.090098,0.97284,1.19538,-0.007418,-0.229958
43,0.644894,0.902746,0,2.327236,0.954906,2.527522,2.579448,-0.200286,-0.252212
43,0.644894,1.550561,0,0.891102,0.572128,2.293104,1.217494,-1.402002,-0.326392
43,0.644894,2.494287,0,0.834624,0.025864,0.730772,1.784128,0.103852,-0.949504
43,0.902746,0.644894,1,0.29649,0.207934,1.105052,1.342428,-0.808562,-1.045938
43,0.644894,1.917209,0,0.081496,0.155676,0.58592,0.526576,-0.504424,-0.44508
43,0.644894,1.119045,0,0.860354,0.222406,1.409286,0.585888,-0.548932,0.274466
43,0.902746,0.644894,1,0.753334,0.107968,1.539642,0.538212,-0.786308,0.215122
43,0.902746,0.644894,1,0.061424,0.588102,0.461996,0.235296,-0.400572,-0.173872
43,1.120272,0.902746,1,1.9025,1.168118,2.19922,2.49594,-0.29672,-0.59344
43,0.644894,0.691814,0,0.67276,0.939808,0.261908,0.195146,0.410852,0.477614
43,0.644894,1.137347,0,0.294366,0.68752,1.125182,0.301784,-0.830816,-0.007418
43,0.644894,1.931518,0,1.271864,0.218508,0.760022,0.255598,0.511842,1.016266
43,0.916036,0.902746,1,1.316024,1.731432,1.62758,2.33229,-0.311556,-1.016266
43,0.644894,1.719624,0,1.241816,0.959932,0.52227,0.270058,0.719546,0.971758
43,0.902746,0.902746,0,2.061028,1.630784,1.860742,1.920086,0.200286,0.140942
43,0.735998,0.644894,1,0.178422,0.607886,1.26145,0.616084,-1.083028,-0.437662
43,0.902746,1.119045,0,0.578708,0.5342,0.838338,1.149894,-0.25963,-0.571186
43,0.644894,1.117361,0,0.010478,0.241734,0.047568,0.11433,-0.03709,-0.103852
44,0.658442,1.109431,0,0.48279,0.134144,1.283934,1.565818,-0.801144,-1.083028
44,0.945777,0.644894,1,0.55798,0.117058,0.164826,1.069822,0.393154,-0.511842
44,0.644894,1.940051,0,2.14515,1.581382,1.952282,1.989372,0.192868,0.155778
44,0.644894,0.902746,0,1.37201,2.714668,0.14868,0.6673,1.22333,0.70471
44,0.644894,0.902746,0,0.246714,0.52118,0.242874,0.320894,0.00384,-0.07418
44,0.644894,0.644894,0,0.87696,0.402208,0.243158,0.280248,0.633802,0.596712
44,0.644894,1.584783,0,0.029466,0.519466,1.20151,0.163402,-1.172044,-0.133936
44,0.644894,1.938866,0,0.732392,0.865916,1.808002,0.984604,-1.07561,-0.252212
44,0.644894,0.902746,0,2.405254,1.656036,3.64406,2.687138,-1.238806,-0.281884
44,0.644894,1.553855,0,0.592308,0.112402,1.371198,0.392022,-0.77889,0.200286
44,0.644894,0.921647,0,0.486992,0.257034,1.968366,0.262226,-1.481374,0.224766
44,0.644894,2.137291,0,0.387454,0.431962,0.47647,0.569468,-0.089016,-0.182014
44,1.302531,0.644894,1,3.113452,1.889482,3.128288,2.00817,-0.014836,1.105282
44,0.644894,1.719624,0,0.083382,0.661986,0.179816,0.417192,-0.096434,-0.33381
44,0.644894,0.921647,0,0.166546,0.166546,0.916482,0.501074,-0.749936,-0.334528
44,0.644894,2.137291,0,1.15673,0.949026,1.097386,0.941608,0.059344,0.215122
44,0.644894,1.826794,0,0.676116,0.320052,1.299228,0.725886,-0.623112,-0.04977
44,0.644894,1.719624,0,0.422362,0.067226,0.54105,0.748754,-0.118688,-0.326392
44,0.644894,1.117361,0,0.945608,0.71565,1.212656,1.97671,-0.267048,-1.031102
44,0.644894,1.937283,0,0.698282,1.128526,0.119678,1.425246,0.578604,-0.726964
44,0.644894,1.109431,0,0.687884,0.22453,1.107272,0.584032,-0.419388,0.103852
44,0.644894,1.931518,0,0.93339,1.076888,2.780472,0.288024,-1.847082,0.645366
44,1.117361,0.644894,1,0.051532,0.667226,0.20068,0.34904,-0.149148,-0.297508
44,0.644894,0.945777,0,2.720944,1.259598,1.28927,0.666158,1.431674,2.054786
44,0.658442,0.644894,1,1.23729,0.295204,1.38565,0.688358,-0.14836,0.548932
44,0.644894,0.644894,0,1.112996,0.726668,0.037386,0.303842,1.07561,0.809154
44,0.644894,1.687359,0,0.205544,0.524518,0.606116,0.62837,-0.400572,-0.422826
44,0.644894,1.119045,0,0.549566,0.519894,0.05256,1.157842,0.497006,-0.608276
44,1.289787,0.644894,1,1.972706,1.394102,2.313934,1.779838,-0.341228,0.192868
44,0.644894,0.658442,0,1.270246,0.854838,0.40234,0.305906,0.867906,0.96434
44,0.902746,0.691814,1,0.14465,0.63424,0.166906,0.077888,-0.022256,0.066762
44,1.109431,0.644894,1,0.3556,0.622648,0.83777,1.35703,-0.48217,-1.00143
44,0.902746,0.644894,1,0.31827,0.31226,1.031806,0.34935,-0.713536,-0.03108
44,0.644894,1.574326,0,0.816236,0.475008,0.556606,1.231644,0.25963,-0.415408
44,0.644894,0.945777,0,1.385536,0.417038,2.275696,0.74017,-0.89016,0.645366
44,0.644894,1.584783,0,0.262032,0.024656,0.717144,0.165598,-0.455112,0.096434
44,0.644894,1.717221,0,0.96954,1.444292,1.169826,1.459128,-0.200286,-0.489588
44,0.644894,1.307457,0,1.025132,0.666172,1.66308,0.261078,-0.637948,0.764054
44,0.644894,1.575785,0,0.103534,0.015154,0.237058,0.214804,-0.133524,-0.11127
44,0.644894,0.658442,0,0.076004,0.309732,0.57301,0.005594,-0.497006,0.07041
44,0.644894,1.302531,0,0.464604,0.316244,0.92452,0.944816,-0.459916,-0.480212
44,0.644894,1.465181,0,0.679738,0.15306,0.59814,0.427526,0.081598,0.252212
44,0.691814,0.658442,1,1.97667,2.176956,2.49593,2.340152,-0.51926,-0.363482
44,0.644894,1.119045,0,0.482694,0.601382,1.432198,1.625066,-0.949504,-1.142372
44,1.621803,0.658442,1,1.957242,1.89048,2.1872,2.617444,-0.229958,-0.660202
44,0.658442,1.117361,0,1.790892,2.006014,2.2063,2.46593,-0.415408,-0.675038
44,0.658442,0.902746,0,1.788184,1.869782,2.255518,2.255518,-0.467334,-0.467334
44,0.945777,0.644894,1,0.183422,0.380346,0.621084,0.0317,-0.437662,0.151722
44,0.644894,1.289787,0,0.536942,0.388582,1.553208,2.131812,-1.016266,-1.59487
44,1.119045,0.644894,1,1.614536,1.614536,1.406832,0.939498,0.207704,0.675038
44,0.902746,1.26472,0,0.924868,0.95454,0.08398,0.91745,0.840888,0.007418
44,0.658442,1.291569,0,0.147366,0.1271,0.824392,0.27546,-0.677026,-0.128094
44,1.289787,0.644894,1,0.331566,0.064518,0.331566,0.595684,0.0,-0.264118
44,0.644894,0.691814,0,2.331288,1.02572,1.87879,1.834282,0.452498,0.497006
44,0.644894,1.289787,0,0.221748,0.407198,0.303346,0.21433,-0.081598,0.007418
44,0.921647,0.644894,1,0.579014,0.18504,1.506264,0.245204,-0.92725,0.33381
44,0.644894,1.137347,0,0.527854,0.520436,0.750394,1.699898,-0.22254,-1.172044
44,1.137347,0.644894,1,1.453436,1.453436,2.03204,1.468272,-0.578604,-0.014836
44,0.644894,2.037677,0,2.32752,1.259328,1.912112,1.719244,0.415408,0.608276
44,0.644894,2.037677,0,0.842096,0.367344,0.760498,0.374456,0.081598,0.46764
44,0.658442,0.945777,0,0.623026,0.252126,0.934582,0.274552,-0.311556,0.348474
44,0.902746,1.29011,0,1.10914,0.953362,1.175902,1.880612,-0.066762,-0.771472
44,0.644894,1.289787,0,0.200276,0.044518,0.467344,0.823408,-0.267068,-0.623132
44,0.691814,0.644894,1,0.211072,0.448448,0.59749,0.240744,-0.386418,-0.029672
44,0.644894,1.291569,0,1.325176,1.221324,1.080382,0.205058,0.244794,1.120118
44,1.109431,0.644894,1,3.665654,1.618286,3.205738,2.5307,0.459916,1.134954
44,0.644894,0.691814,0,0.873282,1.255684,0.190826,0.358106,0.682456,0.515176
44,1.316884,0.644894,1,0.633178,0.694644,0.017484,0.55158,0.615694,0.081598
44,0.644894,0.644894,1,0.027428,0.746974,0.143186,0.05417,-0.115758,-0.026742
44,0.691814,1.307457,0,0.107854,0.010834,1.057358,1.079612,-0.949504,-0.971758
44,0.644894,1.109431,0,1.558456,0.103176,2.166732,0.98727,-0.608276,0.571186
44,0.644894,1.591528,0,2.951458,2.046462,2.120642,1.883266,0.830816,1.068192
44,0.644894,1.465181,0,0.74814,0.30306,0.08052,0.431322,0.66762,0.316818
44,0.644894,1.109431,0,0.921224,0.431636,0.669012,1.34405,0.252212,-0.422826
44,0.644894,1.291569,0,0.065952,0.401382,0.787118,1.284124,-0.721166,-1.218172
44,0.644894,0.691814,0,0.393632,0.47523,0.371378,1.380226,0.022254,-0.986594
44,0.644894,0.902746,0,0.135798,0.150634,0.509568,0.655058,-0.37377,-0.51926
44,0.644894,0.644894,0,0.923192,0.997372,1.991384,0.507784,-1.068192,0.415408
44,0.644894,2.662875,0,2.015394,1.095562,1.800272,2.21568,0.215122,-0.200286
44,0.735998,1.490004,0,1.357348,1.631814,1.298004,1.654068,0.059344,-0.29672
44,0.644894,1.717221,0,0.670652,0.716514,0.618726,0.961308,0.051926,-0.290656
44,0.644894,0.644894,0,2.470918,1.143096,0.57191,0.438386,1.899008,2.032532
44,0.644894,0.658442,0,0.025594,0.00334,1.042598,0.196946,-1.017004,-0.171352
44,0.644894,0.644894,0,0.512012,0.6307,0.474922,0.059514,0.03709,0.452498
44,0.691814,0.644894,1,0.085844,0.60403,0.292474,0.315802,-0.20663,-0.229958
44,0.644894,1.29011,0,1.131524,1.138942,0.998,0.864476,0.133524,0.267048
44,1.289787,0.644894,1,2.787742,1.860492,3.262494,2.253646,-0.474752,0.534096
44,0.644894,2.23623,0,0.195788,0.390234,0.448,0.210624,-0.252212,-0.014836
44,0.644894,1.707575,0,0.896486,0.149452,1.608614,0.495914,-0.712128,0.400572
44,0.658442,0.644894,1,1.397626,1.204758,2.028156,1.27152,-0.63053,0.126106
44,1.109431,0.644894,1,0.965692,0.016188,1.247576,0.839586,-0.281884,0.126106
44,0.644894,1.109431,0,0.673436,0.91823,2.03093,0.06516,-1.357494,0.608276
44,1.289787,0.644894,1,0.357644,0.599278,0.387316,0.0726,-0.029672,0.285044
44,0.644894,1.109431,0,0.11544,0.529926,0.982424,0.092264,-0.866984,0.023176
44,0.644894,1.826794,0,0.596444,0.106856,0.618698,0.31597,-0.022254,0.280474
44,0.644894,0.644894,1,0.538328,0.82763,0.894392,0.842466,-0.356064,-0.304138
44,1.109431,0.644894,1,0.515698,0.107708,1.791594,0.24865,-1.275896,0.267048
44,1.119045,0.644894,1,0.060836,0.290794,0.468826,0.468826,-0.40799,-0.40799
44,0.644894,0.644894,1,0.154692,1.047024,0.184364,0.446166,-0.029672,-0.291474
44,1.291569,0.644894,1,0.204692,0.781902,0.375306,0.136536,-0.170614,0.068156
44,0.644894,2.65856,0,4.111406,2.101128,3.325098,3.76276,0.786308,0.348646
44,0.902746,1.938866,0,0.209852,0.279736,1.18161,0.632678,-0.971758,-0.422826
44,1.109431,0.902746,1,0.203338,0.887108,0.04756,0.056292,0.155778,0.147046
44,0.902746,1.087947,0,2.60452,1.447312,2.819642,1.439894,-0.215122,1.164626
44,0.644894,0.644894,0,0.913788,1.195672,1.766858,1.892964,-0.85307,-0.979176
44,0.644894,0.902746,0,0.77279,0.579922,1.232706,2.100612,-0.459916,-1.327822
44,0.735998,0.644894,1,0.242982,0.869718,0.673226,0.450686,-0.430244,-0.207704
44,0.658442,1.117361,0,0.831108,0.133232,0.356356,1.283606,0.474752,-0.452498
44,0.644894,0.644894,0,0.333026,0.319758,1.28253,0.623896,-0.949504,-0.29087
44,0.902746,0.691814,1,0.925516,0.42851,0.777156,1.556046,0.14836,-0.63053
44,0.644894,2.137291,0,0.486798,0.306928,0.160406,0.425616,0.326392,0.061182
44,0.644894,0.735998,0,1.605478,1.4497,1.420028,1.991214,0.18545,-0.385736
44,0.902746,1.938866,0,0.379138,0.40717,1.402822,0.26045,-1.023684,0.118688
44,0.644894,0.644894,0,0.770204,0.443812,0.409258,0.095166,0.360946,0.675038
44,0.644894,0.691814,0,0.202474,0.098622,0.880554,0.52449,-0.67808,-0.322016
44,0.644894,0.658442,0,0.74983,0.71274,1.016878,1.758678,-0.267048,-1.008848
44,0.644894,0.691814,0,0.880142,0.069362,0.99883,0.343828,-0.118688,0.536314
44,0.644894,0.691814,0,0.344608,0.73842,0.366862,0.085636,-0.022254,0.258972
44,0.644894,1.291569,0,0.190436,0.373332,0.499438,0.870338,-0.309002,-0.679902
44,0.902746,1.490004,0,1.200342,0.554976,0.755262,0.154404,0.44508,1.045938
44,0.902746,1.26472,0,1.330096,0.254486,1.456202,0.328666,-0.126106,1.00143
44,0.658442,0.945777,0,0.706618,0.14285,0.854978,0.502516,-0.14836,0.204102
44,0.902746,2.763463,0,1.184992,0.268936,0.03156,0.00553,1.153432,1.179462
44,0.644894,0.658442,0,0.53414,0.326436,0.230002,0.98655,0.304138,-0.45241
44,0.644894,1.109431,0,1.393746,0.93383,2.78833,1.623704,-1.394584,-0.229958
44,0.644894,1.29011,0,0.117488,0.302938,1.44771,0.11247,-1.330222,0.005018
44,0.644894,0.691814,0,0.664338,0.314838,1.02782,0.3816,-0.363482,0.282738
44,0.902746,0.691814,1,1.934384,0.777176,2.65393,1.786024,-0.719546,0.14836
44,0.644894,1.447636,0,0.253604,0.88135,0.93606,1.370938,-0.682456,-1.117334
44,0.644894,2.500598,0,1.483996,0.371296,1.54334,1.884568,-0.059344,-0.400572
44,0.902746,2.077441,0,0.763602,1.557328,1.542492,1.898556,-0.77889,-1.134954
44,0.644894,1.937283,0,0.433434,0.434472,0.22573,0.879552,0.207704,-0.446118
44,1.109431,0.644894,1,0.838278,0.630574,0.267092,0.511798,0.571186,0.32648
44,0.644894,1.621803,0,0.771958,0.1711,1.039006,1.536012,-0.267048,-0.764054
44,0.644894,0.902746,0,0.623354,0.690116,1.031344,1.335482,-0.40799,-0.712128
44,0.644894,0.658442,0,0.280802,0.54785,1.929762,0.282966,-1.64896,-0.002164
44,0.644894,1.119045,0,1.073594,1.741214,1.34806,2.416252,-0.274466,-1.342658
44,0.644894,1.315625,0,1.247166,0.117746,3.183264,2.077982,-1.936098,-0.830816
44,0.644894,0.691814,0,1.116508,1.020074,1.413228,1.991832,-0.29672,-0.875324
44,0.902746,0.644894,1,0.245024,0.081368,1.832016,1.327592,-1.586992,-1.082568
44,0.691814,0.644894,1,0.32629,0.10375,0.875222,0.007316,-0.548932,0.318974
44,0.644894,2.037677,0,0.80101,0.49714,1.342524,1.053222,-0.541514,-0.252212
44,0.644894,1.13168,0,0.093132,0.426942,0.968456,0.886044,-0.875324,-0.792912
44,1.119045,0.644894,1,0.33589,0.264968,0.625192,1.088366,-0.289302,-0.752476
44,0.902746,1.087947,0,0.411916,0.797652,0.085524,0.960848,0.326392,-0.548932
44,0.945777,0.644894,1,0.183172,0.954644,0.613416,0.536374,-0.430244,-0.353202
44,0.644894,1.493714,0,0.027318,0.917478,0.071826,0.324038,-0.044508,-0.29672
44,0.916036,0.644894,1,1.250256,0.218508,1.576648,0.960954,-0.326392,0.289302
44,0.902746,0.916036,0,0.114308,0.85745,0.247832,0.605238,-0.133524,-0.49093
44,0.644894,0.945777,0,0.011826,0.29973,0.115678,0.560758,-0.103852,-0.548932
44,0.902746,1.931518,0,1.215376,0.075356,1.615948,1.193122,-0.400572,0.022254
44,0.644894,1.289787,0,0.22293,0.860878,1.380138,2.062594,-1.157208,-1.839664
44,0.902746,1.73787,0,0.786412,0.600962,2.173578,2.440626,-1.387166,-1.654214
44,0.644894,0.921647,0,0.29978,0.449438,0.136584,0.2256,0.163196,0.07418
45,0.658442,0.902746,0,0.913034,0.118068,3.26454,2.418888,-2.351506,-1.505854
45,0.644894,1.109431,0,0.324762,0.102222,0.602488,0.10964,-0.277726,0.215122
45,0.644894,0.644894,0,3.272686,2.427034,2.790516,3.70293,0.48217,-0.430244
45,0.644894,0.644894,1,0.289622,0.496686,0.48249,0.363162,-0.192868,-0.07354
45,0.921647,0.644894,1,0.617614,0.053846,0.48025,0.357984,0.137364,0.25963
45,0.644894,1.119045,0,1.559416,0.19865,0.557986,0.609912,1.00143,0.949504
45,0.644894,1.291569,0,0.994218,1.075816,0.118482,1.498642,0.875736,-0.504424
45,0.644894,1.109431,0,0.365472,0.969768,0.339238,0.914404,0.026234,-0.548932
45,0.644894,1.117361,0,1.78956,1.055178,3.072874,2.561032,-1.283314,-0.771472
45,0.644894,1.575785,0,0.021122,0.616826,0.110138,0.607144,-0.089016,-0.586022
45,0.658442,0.644894,1,0.35866,0.405394,1.389762,1.501032,-1.031102,-1.142372
45,0.644894,1.43778,0,0.372618,0.443362,0.22824,0.324674,0.144378,0.047944
45,0.644894,1.119045,0,2.60161,1.577926,2.386488,2.816732,0.215122,-0.215122
45,0.644894,1.493714,0,0.432028,0.90678,0.565552,1.062558,-0.133524,-0.63053
45,0.644894,1.109431,0,0.159846,0.226608,1.509922,1.413488,-1.350076,-1.253642
45,0.644894,0.902746,0,0.882264,1.23091,1.282836,0.763576,-0.400572,0.118688
45,0.902746,0.644894,1,1.009926,1.039598,1.492096,0.32747,-0.48217,0.682456
45,0.644894,1.347328,0,0.288838,0.289766,0.333346,0.564232,-0.044508,-0.275394
45,0.644894,1.449722,0,0.990116,1.650318,1.294254,0.500528,-0.304138,0.489588
45,0.644894,1.119045,0,0.268038,1.091436,0.661192,1.0766,-0.393154,-0.808562
45,1.291569,0.644894,1,1.897018,0.895588,0.643376,1.043948,1.253642,0.85307
45,1.119045,0.644894,1,1.756788,0.288024,1.400724,0.955644,0.356064,0.801144
45,0.644894,0.921647,0,0.296326,0.081204,1.113094,0.02186,-0.816768,0.274466
45,0.644894,1.291569,0,2.053324,1.074148,1.95689,0.703248,0.096434,1.350076
45,0.658442,0.644894,1,0.191352,1.363396,1.942,0.287786,-1.750648,-0.096434
45,0.644894,1.119045,0,0.155482,0.007122,0.65308,1.119822,-0.497598,-0.96434
45,1.119045,0.644894,1,1.177302,1.11054,1.911684,1.48144,-0.734382,-0.304138
45,0.644894,0.691814,0,0.890794,0.482804,1.05399,0.49764,-0.163196,0.393154
45,0.644894,1.289787,0,0.570704,0.58554,1.99496,1.082546,-1.424256,-0.511842
45,0.644894,0.902746,0,0.869674,1.262828,0.725196,0.45073,0.144478,0.418944
45,0.691814,1.866398,0,0.03338,0.181742,0.189158,0.730674,-0.155778,-0.697294
45,0.644894,1.745317,0,0.793262,1.112236,0.600394,0.504888,0.192868,0.288374
45,0.644894,0.658442,0,0.518556,0.525974,0.987298,0.030376,-0.468742,0.48818
45,0.644894,0.902746,0,1.69156,0.823654,0.905252,0.341484,0.786308,1.350076
45,0.644894,1.595562,0,0.473122,0.272836,0.74017,0.70634,-0.267048,-0.233218
45,0.902746,0.644894,1,0.618096,0.04691,0.084,1.248626,0.534096,-0.63053
45,0.644894,0.644894,0,2.505066,1.659414,2.104494,2.445722,0.400572,0.059344
45,0.644894,1.315625,0,0.1053,0.387184,0.720994,0.094986,-0.615694,0.010314
45,0.902746,0.644894,1,1.127218,0.734064,1.67615,0.904678,-0.548932,0.22254
45,0.644894,1.830125,0,0.454322,0.153954,1.188704,0.135348,-0.734382,0.318974
45,1.119045,0.644894,1,1.81468,0.271736,2.155908,1.66632,-0.341228,0.14836
45,0.644894,1.347328,0,0.010136,0.173332,0.219822,0.425544,-0.209686,-0.415408
45,0.658442,2.497836,0,1.301632,1.984088,1.561262,1.872818,-0.25963,-0.571186
45,0.902746,0.644894,1,1.12806,0.482694,1.432198,1.343182,-0.304138,-0.215122
45,0.658442,2.202352,0,1.467654,1.616014,0.903886,1.4454,0.563768,0.022254
45,0.658442,2.655962,0,1.53868,1.865072,1.850236,2.102448,-0.311556,-0.563768
45,0.658442,1.86242,0,1.973634,1.402448,1.632406,1.84011,0.341228,0.133524
45,0.644894,1.830125,0,0.391126,0.32842,1.34063,0.25424,-0.949504,0.136886
45,0.644894,1.16475,0,0.121534,0.366328,0.700138,0.56834,-0.578604,-0.446806
45,0.916036,0.644894,1,2.19314,1.176874,1.93351,2.52695,0.25963,-0.33381
45,1.119045,0.902746,1,0.49197,0.65782,0.855452,1.582416,-0.363482,-1.090446
45,1.119045,0.658442,1,1.098858,0.1271,0.27546,0.883736,0.823398,0.215122
45,0.644894,1.109431,0,1.422012,0.224784,0.27964,0.72472,1.142372,0.697292
45,0.644894,1.291569,0,1.552398,1.760102,2.079076,0.076216,-0.526678,1.476182
45,0.644894,1.117361,0,0.275258,0.229166,0.327184,0.327184,-0.051926,-0.051926
45,0.658442,0.644894,1,0.118278,0.89057,0.727374,0.66803,-0.609096,-0.549752
45,0.644894,1.493714,0,0.831992,0.83941,0.757812,0.362306,0.07418,0.469686
45,0.644894,0.902746,0,1.742738,1.371838,1.787246,1.935606,-0.044508,-0.192868
45,0.644894,0.644894,1,4.048496,3.002558,4.40456,3.647924,-0.356064,0.400572
45,0.644894,1.109431,0,0.45636,0.040952,0.500868,0.441524,-0.044508,0.014836
45,0.658442,0.945777,0,0.2002,0.140856,0.044422,0.34856,0.155778,-0.14836
45,0.921647,0.902746,1,1.302008,0.879182,3.089746,2.822698,-1.787738,-1.52069
45,0.644894,0.902746,0,1.201726,0.356054,0.637958,0.415418,0.563768,0.786308
45,0.644894,1.43778,0,0.938036,0.752586,0.448448,0.29267,0.489588,0.645366
45,1.119045,0.644894,1,2.957136,1.080382,2.808776,2.823612,0.14836,0.133524
45,0.644894,1.912198,0,1.722138,2.45652,2.08562,0.97292,-0.363482,0.749218
45,0.644894,1.43778,0,1.01089,0.091058,0.484212,1.129578,0.526678,-0.118688
45,0.644894,1.575785,0,0.205056,0.010066,1.25629,0.2644,-1.051234,-0.059344
45,0.644894,0.644894,0,0.175788,0.247038,0.27671,0.566012,-0.100922,-0.390224
45,0.691814,1.347328,0,0.285886,0.033088,0.367484,0.337226,-0.081598,-0.05134
45,0.644894,1.43778,0,0.490264,0.83891,1.454604,0.423502,-0.96434,0.066762
45,1.119045,0.644894,1,5.236202,3.025638,4.383132,4.991408,0.85307,0.244794
45,0.658442,0.644894,1,1.150868,0.156856,0.015914,0.965418,1.134954,0.18545
45,0.644894,1.119045,0,1.173436,0.068154,0.97315,0.468726,0.200286,0.70471
45,0.644894,0.902746,0,0.393964,0.787118,0.772282,0.052736,-0.378318,0.341228
45,0.644894,1.493714,0,0.853548,0.838712,0.616172,0.30366,0.237376,0.549888
45,0.644894,0.735998,0,1.374604,0.469608,0.343502,1.211408,1.031102,0.163196
45,0.644894,0.644894,0,0.37426,1.19024,1.37569,1.420198,-1.00143,-1.045938
45,0.644894,1.13168,0,2.32695,2.898136,1.607404,1.592568,0.719546,0.734382
45,0.735998,2.106201,0,2.106566,1.142226,2.321688,1.935952,-0.215122,0.170614
45,0.644894,1.575785,0,0.45553,1.005816,1.034134,0.152746,-0.578604,0.302784
45,1.291569,0.644894,1,1.929404,0.994736,1.79588,0.223264,0.133524,1.70614
45,0.644894,1.29011,0,0.389814,0.078258,0.29338,0.731042,0.096434,-0.341228
45,0.644894,0.658442,0,0.96451,1.602458,1.18671,0.311386,-0.2222,0.653124
45,0.658442,0.644894,1,0.744972,0.003172,0.723792,0.285056,0.02118,0.459916
45,0.644894,1.29011,0,1.398572,1.198286,1.81398,1.428244,-0.415408,-0.029672
45,0.644894,1.583436,0,1.42283,1.526682,2.120122,1.49701,-0.697292,-0.07418
45,0.902746,0.644894,1,0.982096,0.403492,1.805494,0.59636,-0.823398,0.385736
45,0.644894,1.119045,0,0.540422,0.28821,1.222878,0.080506,-0.682456,0.459916
45,0.644894,1.109431,0,0.151402,0.314598,1.486642,0.9748,-1.33524,-0.823398
45,0.644894,0.902746,0,0.13959,0.12004,0.809914,0.554998,-0.670324,-0.415408
45,0.644894,0.644894,0,1.06659,1.266876,1.014664,2.060602,0.051926,-0.994012
45,0.644894,1.465181,0,0.142522,0.216702,1.492598,0.042928,-1.350076,0.099594
45,1.119045,0.644894,1,1.345906,0.151608,0.596688,1.056604,0.749218,0.289302
45,1.109431,0.644894,1,1.271482,0.633534,1.412424,0.75964,-0.140942,0.511842
45,0.902746,0.644894,1,1.510086,0.501238,0.90181,0.961154,0.608276,0.548932
45,0.644894,1.583436,0,0.411846,0.166758,0.278322,0.352502,0.133524,0.059344
45,0.644894,1.119045,0,0.00891,0.3249,0.206212,0.258138,-0.197302,-0.249228
45,0.644894,1.117361,0,0.720632,0.490674,0.416494,0.564854,0.304138,0.155778
45,0.644894,1.830125,0,0.019242,0.373912,1.272884,0.462928,-1.253642,-0.443686
45,1.119045,0.644894,1,4.823534,3.666326,6.255208,4.808698,-1.431674,0.014836
45,0.902746,1.289787,0,0.15363,0.714276,0.25436,0.702562,-0.10073,-0.548932
45,0.902746,2.175111,0,0.004366,0.493954,0.71518,0.701658,-0.710814,-0.697292
45,0.902746,1.43778,0,2.396816,1.321206,2.166858,2.589684,0.229958,-0.192868
45,0.644894,1.109431,0,0.542888,0.409364,0.891534,0.290676,-0.348646,0.252212
45,0.644894,0.902746,0,1.314304,0.379636,3.235566,2.137702,-1.921262,-0.823398
45,0.644894,1.43778,0,0.595252,1.114512,0.47294,0.93648,0.122312,-0.341228
45,0.658442,0.902746,0,0.808854,0.423118,2.871058,2.440814,-2.062204,-1.63196
45,0.644894,1.307457,0,0.371684,0.325608,0.23816,0.223324,0.133524,0.14836
45,0.691814,1.865166,0,1.148056,0.606542,1.378014,0.116954,-0.229958,1.031102
45,0.644894,1.119045,0,0.598068,0.457126,0.10848,0.054716,0.489588,0.543352
45,1.119045,0.644894,1,3.051988,2.08023,1.657404,2.569818,1.394584,0.48217
45,0.902746,1.591528,0,0.459096,0.095614,0.59426,0.844832,-0.135164,-0.385736
45,0.691814,0.644894,1,0.584754,0.607008,0.075448,0.490856,0.509306,0.093898
45,0.644894,1.621803,0,0.002188,0.109082,0.009606,0.603046,-0.007418,-0.600858
45,0.644894,1.448136,0,1.276508,1.202328,1.187492,0.356676,0.089016,0.919832
45,0.644894,0.691814,0,0.877924,0.457316,0.15096,0.29412,0.726964,0.583804
45,0.644894,1.745317,0,0.21916,0.575224,0.018216,0.538134,0.200944,-0.318974
45,0.658442,0.644894,1,1.330254,0.410422,0.224972,1.560212,1.105282,-0.229958
45,0.902746,2.427544,0,0.658828,0.008792,0.228584,0.658828,0.430244,0.0
45,0.902746,1.43778,0,1.218826,0.20543,1.003704,1.456202,0.215122,-0.237376
45,0.658442,0.691814,0,0.903088,0.306046,0.220632,0.027764,0.682456,0.875324
45,0.902746,1.973421,0,0.268936,0.558238,0.369012,0.061232,-0.100076,0.207704
45,0.644894,1.109431,0,0.363526,0.45996,0.91237,0.50438,-0.548844,-0.140854
45,0.644894,1.291569,0,0.429406,0.288464,1.445672,0.473914,-1.016266,-0.044508
45,0.658442,0.644894,1,0.513042,0.067962,0.92845,1.900208,-0.415408,-1.387166
45,0.644894,0.691814,0,0.093152,0.159914,0.018972,0.004136,0.07418,0.089016
45,0.691814,2.018016,0,0.202,1.340944,0.524964,0.394868,-0.322964,-0.192868
45,0.644894,1.291569,0,0.001392,1.504462,1.069584,0.109878,-1.068192,-0.108486
45,1.43778,0.644894,1,3.761322,2.596696,5.430372,3.753904,-1.66905,0.007418
45,0.902746,2.447456,0,1.312534,0.40012,1.490566,1.193846,-0.178032,0.118688
45,0.644894,1.119045,0,1.271668,0.648556,0.47898,0.552122,0.792688,0.719546
45,0.644894,0.644894,0,0.42287,0.882786,0.719502,0.289258,-0.296632,0.133612
45,0.644894,1.745317,0,0.556836,1.031588,0.326878,0.215608,0.229958,0.341228
45,0.644894,1.347328,0,1.105524,1.320646,1.00909,0.645608,0.096434,0.459916
45,0.921647,0.644894,1,0.868988,0.334892,1.447592,2.026196,-0.578604,-1.157208
45,0.735998,0.644894,1,2.750062,0.984578,1.340642,2.764898,1.40942,-0.014836
45,0.644894,0.644894,1,2.945888,1.914786,2.93847,1.56614,0.007418,1.379748
45,0.644894,2.073257,0,1.62835,2.266298,0.819788,0.359872,0.808562,1.268478
45,0.644894,0.644894,0,0.474522,0.267278,1.171814,0.838004,-0.697292,-0.363482
45,0.644894,2.040664,0,0.081496,0.200184,0.99391,0.022152,-0.912414,0.059344
45,1.917209,0.644894,1,4.191036,3.412146,4.43583,4.205872,-0.244794,-0.014836
45,0.902746,0.644894,1,1.020382,0.41871,1.7696,0.87944,-0.749218,0.140942
45,1.119045,0.644894,1,0.499086,0.009498,0.528758,0.884822,-0.029672,-0.385736
45,1.291569,0.902746,1,1.984098,0.02618,1.79123,2.555284,0.192868,-0.571186
45,0.644894,1.117361,0,0.769194,0.123828,0.617972,0.880464,0.151222,-0.11127
45,0.644894,1.621803,0,0.383382,1.16969,0.732028,0.717192,-0.348646,-0.33381
45,0.644894,1.803009,0,0.15981,0.033704,0.998044,0.063376,-0.838234,0.096434
45,1.43778,0.902746,1,2.361962,0.314594,1.66467,3.007328,0.697292,-0.645366
45,0.644894,1.291569,0,0.729974,0.351656,0.115678,2.324844,0.614296,-1.59487
45,0.902746,0.902746,0,2.27615,1.690128,2.298404,1.957176,-0.022254,0.318974
45,0.644894,0.902746,0,0.18506,0.912804,0.267438,0.288912,-0.082378,-0.103852
45,0.916036,0.902746,1,0.660306,1.298254,0.964444,0.5342,-0.304138,0.126106
45,0.644894,0.658442,0,0.026612,0.123046,0.019194,0.375258,0.007418,-0.348646
46,0.658442,1.29011,0,0.03771,0.757256,0.77951,0.058724,-0.7418,-0.021014
46,0.644894,1.117361,0,0.491218,0.498636,0.63216,0.858858,-0.140942,-0.36764
46,1.119045,0.644894,1,3.339448,1.002778,4.162846,2.790516,-0.823398,0.548932
46,0.644894,0.644894,0,1.394264,1.127216,0.993692,2.202826,0.400572,-0.808562
46,0.644894,0.658442,0,0.506344,0.454418,0.762134,0.10935,-0.25579,0.396994
46,0.644894,1.119045,0,0.980812,1.440728,0.854706,0.498642,0.126106,0.48217
46,0.644894,0.902746,0,0.586228,0.94971,0.081392,0.13373,0.504836,0.452498
46,0.644894,0.902746,0,1.006858,0.124116,2.44595,0.791736,-1.439092,0.215122
46,0.644894,1.298386,0,1.6412,1.819232,2.53136,1.23321,-0.89016,0.40799
46,0.644894,1.583436,0,0.260762,0.369768,1.128668,1.024816,-0.867906,-0.764054
46,0.644894,0.921647,0,0.269644,0.316378,0.28448,0.783712,-0.014836,-0.514068
46,0.644894,2.237258,0,0.027954,1.107,1.500154,0.758354,-1.4722,-0.7304
46,0.644894,1.119045,0,1.26637,2.097186,0.799036,0.59875,0.467334,0.66762
46,0.644894,1.43778,0,1.24059,0.309772,0.736166,1.322188,0.504424,-0.081598
46,0.644894,0.658442,0,0.849002,0.708778,1.190948,0.449148,-0.341946,0.399854
46,0.644894,1.937283,0,1.37927,0.704232,1.497958,0.56329,-0.118688,0.81598
46,0.644894,1.43778,0,0.891238,0.705788,0.92091,0.594518,-0.029672,0.29672
46,0.644894,0.691814,0,0.27493,0.57814,0.459452,0.7571,-0.184522,-0.48217
46,0.644894,0.644894,0,0.804666,1.427778,1.168148,0.263152,-0.363482,0.541514
46,0.644894,2.142297,0,1.4475,0.579594,0.342218,1.143362,1.105282,0.304138
46,0.644894,0.644894,0,1.058784,0.747228,0.272476,0.350636,0.786308,0.708148
46,0.644894,1.289787,0,1.462624,0.911136,0.06804,1.603566,1.394584,-0.140942
46,0.644894,0.658442,0,1.179856,1.120512,0.319368,0.630136,0.860488,0.54972
46,0.644894,1.291569,0,1.496974,2.36488,2.965738,1.986562,-1.468764,-0.489588
46,0.644894,1.289787,0,0.268564,1.34856,1.326306,1.16311,-1.057742,-0.894546
46,0.644894,1.119045,0,0.42253,0.437366,1.016562,0.340932,-0.594032,0.081598
46,0.644894,1.13168,0,0.016996,0.012676,0.888,0.761894,-0.871004,-0.744898
46,0.644894,1.087947,0,0.490222,0.34928,0.385102,0.16998,0.10512,0.320242
46,0.644894,0.658442,0,1.312504,1.25316,1.675986,1.371848,-0.363482,-0.059344
46,0.644894,1.43778,0,0.69906,0.632298,1.003198,1.596638,-0.304138,-0.897578
46,0.691814,2.051675,0,1.04223,0.382026,0.211414,0.752928,0.830816,0.289302
46,1.109431,0.644894,1,0.681992,0.667156,0.637484,0.082062,0.044508,0.59993
46,0.658442,0.644894,1,0.110566,0.637244,0.772176,0.080894,-0.66161,0.029672
46,0.644894,1.463611,0,1.083284,1.194554,0.756892,0.05167,0.326392,1.031614
46,0.644894,1.679323,0,0.07581,0.124476,0.510212,0.394784,-0.434402,-0.318974
46,1.109431,0.644894,1,0.4549,0.26945,2.349104,0.516858,-1.894204,-0.061958
46,1.584783,0.644894,1,3.358136,1.741012,6.154722,3.773544,-2.796586,-0.415408
46,0.644894,1.906588,0,0.139494,0.04306,0.787756,0.910966,-0.648262,-0.771472
46,0.644894,0.902746,0,0.638266,0.392836,1.060456,0.726646,-0.42219,-0.08838
46,0.644894,1.119045,0,0.246618,0.929074,0.365306,0.161372,-0.118688,0.085246
46,0.902746,0.644894,1,1.308298,0.63326,0.388466,0.091746,0.919832,1.216552
46,0.644894,1.137347,0,0.373618,0.494288,0.286584,0.7371,0.087034,-0.363482
46,0.658442,1.621803,0,1.576098,1.131018,2.102776,1.932162,-0.526678,-0.356064
46,0.644894,0.916036,0,0.155254,0.088492,0.72007,0.489064,-0.564816,-0.33381
46,0.658442,0.691814,0,1.007738,1.007738,1.193188,2.024004,-0.18545,-1.016266
46,0.658442,1.973421,0,1.57577,1.412574,2.24339,1.768638,-0.66762,-0.192868
46,0.658442,1.117361,0,1.231834,1.24667,1.91429,2.09974,-0.682456,-0.867906
46,0.644894,1.347328,0,0.502396,0.999402,0.287274,0.499034,0.215122,0.003362
46,0.735998,0.644894,1,0.388582,0.477598,1.271324,0.28473,-0.882742,0.103852
46,0.916036,0.644894,1,0.279296,0.420238,0.15319,0.064174,0.126106,0.215122
46,0.902746,1.087947,0,0.947122,1.592488,1.058392,1.570234,-0.11127,-0.623112
46,0.658442,0.945777,0,0.839228,0.097428,0.644372,0.179026,0.194856,0.660202
46,0.644894,0.644894,0,0.469578,0.16544,0.120932,0.932424,0.348646,-0.462846
46,0.644894,1.550561,0,1.181498,1.307604,2.279362,1.589488,-1.097864,-0.40799
46,1.119045,0.644894,1,0.333018,0.340436,0.19366,0.275258,0.139358,0.05776
46,0.644894,0.921647,0,0.178442,0.497416,0.786718,0.504834,-0.608276,-0.326392
46,0.644894,1.137347,0,0.09761,0.8765,0.735558,0.436486,-0.637948,-0.338876
46,0.644894,0.902746,0,2.061712,1.58696,2.165564,1.77241,-0.103852,0.289302
46,0.644894,0.644894,0,1.222238,2.43879,2.305266,1.340926,-1.083028,-0.118688
46,0.644894,1.707575,0,0.471196,0.404434,0.75308,0.389292,-0.281884,0.081904
46,1.315625,0.658442,1,0.170528,0.71946,0.393068,0.178118,-0.22254,-0.00759
46,0.902746,1.29011,0,0.300578,1.92512,1.672908,0.908854,-1.37233,-0.608276
46,0.644894,0.691814,0,0.311546,0.200276,0.55634,0.126116,-0.244794,0.18543
46,0.644894,1.43778,0,1.21992,0.574554,1.190248,1.049306,0.029672,0.170614
46,1.119045,0.644894,1,0.301492,0.106498,1.42161,0.509196,-1.120118,-0.207704
46,0.644894,1.912198,0,1.351238,1.699884,2.760658,1.647958,-1.40942,-0.29672
46,0.644894,1.43778,0,0.699334,0.914456,0.54689,0.884784,0.152444,-0.18545
46,0.644894,0.658442,0,0.373548,0.826046,0.380966,0.531448,-0.007418,-0.1579
46,0.644894,0.921647,0,0.53927,0.432488,0.324148,0.746974,0.215122,-0.207704
46,0.691814,0.945777,0,0.352062,0.508426,0.360066,1.108698,-0.008004,-0.756636
46,0.644894,1.109431,0,0.028996,1.09854,0.586698,0.163872,-0.557702,-0.134876
46,1.119045,0.644894,1,2.973712,1.57171,3.42621,2.94404,-0.452498,0.029672
46,0.658442,0.644894,1,0.972836,0.82232,0.03075,0.943164,0.942086,0.029672
46,0.644894,1.465181,0,0.743192,0.817372,0.154386,0.072788,0.588806,0.670404
46,0.644894,0.916036,0,0.422016,0.208514,1.00224,0.423636,-0.580224,-0.00162
46,0.644894,0.691814,0,0.171092,0.653262,0.80904,0.318496,-0.637948,-0.147404
46,0.644894,0.691814,0,0.6876,0.042234,1.065918,0.413134,-0.378318,0.274466
46,0.644894,0.644894,0,0.047868,0.307498,0.37426,1.501796,-0.326392,-1.453928
46,1.119045,0.644894,1,3.780878,1.466462,4.708128,3.076168,-0.92725,0.70471
46,0.735998,1.906728,0,1.765338,0.890014,0.622966,0.556204,1.142372,1.209134
46,0.644894,1.575785,0,0.338196,0.071148,0.048894,0.160164,0.289302,0.178032
46,1.289787,0.644894,1,1.803298,2.404156,3.257226,1.973912,-1.453928,-0.170614
46,0.644894,1.291569,0,0.070102,0.560428,0.03375,0.455838,0.036352,-0.385736
46,0.644894,0.644894,0,0.986764,0.48234,0.652954,1.120288,0.33381,-0.133524
46,0.644894,0.658442,0,0.019082,0.293548,0.234204,0.707882,-0.215122,-0.6888
46,0.691814,0.644894,1,1.710128,1.005418,1.205704,1.584022,0.504424,0.126106
46,0.644894,1.120272,0,0.97775,0.925824,1.170618,0.201712,-0.192868,0.776038
46,0.644894,2.23623,0,0.618614,0.166116,0.271546,1.280394,0.347068,-0.66178
46,0.644894,1.707575,0,0.290394,0.127198,0.533004,1.002522,-0.24261,-0.712128
46,0.644894,0.658442,0,1.464388,0.967382,1.108324,0.945128,0.356064,0.51926
46,1.109431,0.644894,1,0.117336,0.179384,0.335162,0.542866,-0.217826,-0.42553
46,0.644894,1.087947,0,0.599256,0.39897,1.0295,1.014664,-0.430244,-0.415408
46,0.644894,0.691814,0,0.565348,0.921412,0.535676,0.688294,0.029672,-0.122946
46,0.644894,0.691814,0,0.930498,0.314804,0.271218,0.485418,0.65928,0.44508
46,0.644894,1.826794,0,0.181036,0.158782,0.01784,1.176458,0.163196,-0.995422
46,0.644894,0.691814,0,0.16001,0.23419,0.055112,1.057588,0.104898,-0.897578
46,0.644894,1.61521,0,1.613268,0.82696,1.0495,1.338802,0.563768,0.274466
46,0.644894,1.16475,0,1.91977,0.903504,1.111208,1.496944,0.808562,0.422826
46,0.644894,1.298386,0,0.87641,0.154692,0.021168,0.57969,0.855242,0.29672
46,0.644894,1.621803,0,0.077192,0.709116,0.056332,0.52969,0.02086,-0.452498
46,0.644894,2.23623,0,1.952768,3.436368,2.605552,1.544778,-0.652784,0.40799
46,0.902746,0.902746,1,0.892308,0.66235,3.317994,1.025832,-2.425686,-0.133524
46,0.902746,2.229171,0,0.553298,0.336862,0.308504,0.627478,0.244794,-0.07418
46,0.902746,1.119045,0,1.52891,2.174276,1.180264,1.64018,0.348646,-0.11127
46,0.644894,0.916036,0,0.287928,0.728338,0.409364,0.72559,-0.121436,-0.437662
46,0.644894,1.119045,0,0.038408,1.195616,0.913732,0.060662,-0.875324,-0.022254
46,0.644894,1.26472,0,0.161384,0.41722,1.210946,1.515084,-1.049562,-1.3537
46,0.658442,1.117361,0,0.259338,0.994304,1.098156,0.02938,-0.838818,0.229958
46,0.691814,0.644894,1,0.807778,0.008202,0.481386,1.09123,0.326392,-0.283452
46,0.902746,0.691814,1,0.918098,0.962606,1.110966,0.079864,-0.192868,0.838234
46,0.644894,2.412525,0,0.271676,0.07139,0.025044,0.714918,0.246632,-0.443242
46,1.43778,0.644894,1,0.752408,0.834006,1.33843,0.48536,-0.586022,0.267048
46,0.902746,0.902746,0,0.727784,0.11045,0.653604,0.193688,0.07418,0.534096
46,0.658442,0.644894,1,0.43893,0.33996,0.246062,1.52684,0.192868,-1.08791
46,0.902746,0.644894,1,0.284072,0.109082,0.224728,0.973946,0.059344,-0.689874
46,0.691814,0.644894,1,1.142984,1.52872,1.12073,0.111882,0.022254,1.031102
46,0.644894,1.119045,0,0.091616,0.746618,0.271866,0.041908,-0.18025,0.049708
46,0.644894,1.720961,0,0.92387,0.537476,0.196906,1.07223,0.726964,-0.14836
46,0.658442,0.644894,1,0.981608,0.368468,0.469766,1.478614,0.511842,-0.497006
46,0.902746,1.490004,0,1.029728,0.621738,0.065388,0.401946,0.96434,0.627782
46,0.902746,1.291569,0,0.521534,1.64907,0.123832,0.373174,0.397702,0.14836
46,0.658442,1.119045,0,0.250304,0.506332,0.15387,0.176124,0.096434,0.07418
46,0.902746,3.216591,0,0.194756,1.30368,0.669508,0.832704,-0.474752,-0.637948
46,0.644894,1.109431,0,0.326436,0.17057,0.363526,0.971802,-0.03709,-0.645366
46,0.644894,1.43778,0,0.10469,0.681618,0.164034,0.60002,-0.059344,-0.49533
46,0.644894,0.658442,0,0.199086,1.00263,0.513042,0.095234,-0.313956,0.103852
46,1.291569,0.644894,1,0.441798,0.523396,0.87946,0.552214,-0.437662,-0.110416
46,0.691814,2.018016,0,0.068476,0.339514,1.326108,0.524964,-1.257632,-0.456488
46,0.644894,1.109431,0,1.244832,1.007456,0.725572,0.62172,0.51926,0.623112
46,0.644894,2.23623,0,0.586418,1.50625,0.534492,0.971362,0.051926,-0.384944
46,0.902746,0.986128,0,0.592988,1.275444,0.58557,1.980154,0.007418,-1.387166
46,0.644894,2.801649,0,0.894388,0.204514,0.115498,0.990822,0.77889,-0.096434
46,0.644894,0.644894,0,0.059388,0.170658,0.526722,1.01631,-0.467334,-0.956922
46,0.644894,0.691814,0,0.16271,0.697778,0.823884,0.481684,-0.661174,-0.318974
46,1.137347,0.644894,1,0.905238,1.550604,0.86073,0.282126,0.044508,0.623112
46,0.644894,0.658442,0,0.505506,0.104934,1.23247,0.28822,-0.726964,0.217286
46,0.644894,1.581984,0,0.528694,0.276482,0.650768,0.068778,-0.122074,0.459916
46,0.644894,1.109431,0,0.468276,1.388108,1.328764,0.371842,-0.860488,0.096434
46,1.575785,0.644894,1,1.094254,1.272286,1.376138,0.62692,-0.281884,0.467334
46,0.644894,0.921647,0,0.178262,0.170844,0.949274,0.59367,-0.771012,-0.415408
46,0.644894,1.119045,0,0.719444,0.674936,0.259528,0.074078,0.459916,0.645366
46,0.644894,1.917209,0,0.007552,0.94937,0.081464,0.49714,-0.073912,-0.489588
46,0.644894,0.644894,1,0.248096,0.403874,0.241492,0.01072,0.006604,0.237376
46,0.644894,1.109431,0,1.96369,0.73972,1.689224,0.984514,0.274466,0.979176
46,0.902746,0.902746,1,0.678964,0.404498,0.664128,0.493514,0.014836,0.18545
46,0.691814,0.644894,1,0.146082,0.2174,0.034812,1.08075,0.11127,-0.934668
46,0.644894,1.119045,0,1.184526,0.01719,0.405636,1.036166,0.77889,0.14836
46,0.916036,0.644894,1,0.75325,0.34526,0.64198,0.240762,0.11127,0.512488
46,0.902746,0.902746,1,0.761016,1.094826,0.642328,0.501386,0.118688,0.25963
46,0.644894,1.425337,0,0.234366,0.041498,0.160186,0.123096,0.07418,0.11127
46,0.902746,0.902746,1,0.710952,1.408244,2.602542,1.615948,-1.89159,-0.904996
46,0.644894,1.289787,0,0.119078,0.905386,0.393544,0.007028,-0.274466,0.11205
46,0.902746,1.707575,0,0.46002,1.394688,0.675142,0.482274,-0.215122,-0.022254
46,0.644894,0.644894,0,0.115628,0.359124,0.247854,0.508782,-0.132226,-0.393154
47,0.902746,0.658442,1,1.053976,0.727584,2.144422,1.269098,-1.090446,-0.215122
47,0.902746,0.644894,1,1.084658,1.195928,0.020624,0.8547,1.064034,0.229958
47,0.644894,0.644894,0,4.125756,2.679246,3.791946,5.475832,0.33381,-1.350076
47,0.644894,1.550561,0,1.542624,2.825938,0.734702,1.142052,0.807922,0.400572
47,1.109431,0.644894,1,1.400082,0.287382,2.898518,1.904506,-1.498436,-0.504424
47,0.644894,2.024708,0,0.758272,0.76569,0.120324,0.94045,0.637948,-0.182178
47,0.644894,0.902746,0,0.081804,0.46754,0.20008,0.548726,-0.118276,-0.466922
47,1.119045,0.644894,1,2.275336,1.474192,1.845092,3.959222,0.430244,-1.683886
47,0.644894,0.658442,0,2.212386,1.982428,3.043202,3.058038,-0.830816,-0.845652
47,0.644894,1.291569,0,0.802276,0.243662,0.78744,1.277028,0.014836,-0.474752
47,0.644894,1.119045,0,0.202882,0.079002,2.47279,1.456524,-2.269908,-1.253642
47,0.644894,3.322974,0,2.605436,1.010566,0.62483,0.780608,1.980606,1.824828
47,0.644894,1.119045,0,1.56309,1.71145,2.104604,1.496328,-0.541514,0.066762
47,0.644894,1.289787,0,0.309772,0.914198,0.884526,0.79551,-0.574754,-0.485738
47,0.902746,0.644894,1,1.050006,0.486238,2.904506,1.843732,-1.8545,-0.793726
47,0.644894,2.850675,0,1.386688,1.075132,0.1553,1.41636,1.231388,-0.029672
47,0.644894,3.256508,0,1.55144,0.55001,0.342306,1.840742,1.209134,-0.289302
47,0.644894,1.291569,0,1.423792,0.326856,1.06031,0.637484,0.363482,0.786308
47,1.289787,0.644894,1,1.6429,2.036054,0.60438,1.539048,1.03852,0.103852
47,0.644894,3.256508,0,1.512282,0.342218,0.831806,0.305128,0.680476,1.207154
47,0.644894,0.97856,0,0.420836,0.59543,0.747228,0.116698,-0.326392,0.304138
47,0.644894,1.425337,0,0.802422,1.277174,1.875476,0.614416,-1.073054,0.188006
47,0.644894,0.691814,0,0.1265,0.408384,0.6153,0.518866,-0.4888,-0.392366
47,0.644894,2.306524,0,1.786276,1.185418,1.838202,1.36345,-0.051926,0.422826
47,0.658442,0.644894,1,2.298064,1.133438,3.35142,1.927164,-1.053356,0.3709
47,0.644894,2.209692,0,0.341524,0.229662,0.244498,0.326096,0.097026,0.015428
47,1.087947,0.644894,1,1.770742,1.281154,4.530238,3.143072,-2.759496,-1.37233
47,0.644894,0.97856,0,1.031736,0.05871,1.439726,1.454562,-0.40799,-0.422826
47,0.658442,0.644894,1,1.943034,1.854018,2.40295,2.981554,-0.459916,-1.03852
47,0.921647,0.644894,1,0.009186,0.409758,0.680688,0.250444,-0.671502,-0.241258
47,0.691814,0.902746,0,0.396862,1.257352,1.368622,0.478462,-0.97176,-0.0816
47,0.691814,0.644894,1,0.830352,0.64583,0.994476,0.592976,-0.164124,0.237376
47,0.644894,0.658442,0,1.046642,0.341932,3.746794,1.714262,-2.700152,-0.66762
47,0.644894,1.087947,0,0.65304,0.57886,0.868162,1.424512,-0.215122,-0.771472
47,0.644894,1.679323,0,0.513472,0.347016,0.042878,0.547302,0.470594,-0.03383
47,1.575785,0.644894,1,2.47521,0.135926,3.038978,3.840122,-0.563768,-1.364912
47,1.717221,0.644894,1,7.230332,2.631172,6.34759,8.506228,0.882742,-1.275896
47,0.644894,1.679323,0,0.060792,0.172062,0.04306,0.298168,0.017732,-0.237376
47,0.916036,0.644894,1,2.113812,0.570868,4.969742,2.781432,-2.85593,-0.66762
47,1.291569,0.644894,1,0.213298,0.24297,1.407596,0.398748,-1.194298,-0.18545
47,0.902746,0.644894,1,1.866606,0.403302,1.859188,2.022384,0.007418,-0.155778
47,0.644894,0.945777,0,1.399284,0.138224,0.620394,0.516542,0.77889,0.882742
47,1.898076,0.658442,1,3.104206,2.985518,3.86826,2.970682,-0.764054,0.133524
47,0.97856,0.644894,1,2.196252,0.214598,1.951458,1.780844,0.244794,0.415408
47,1.137347,0.658442,1,2.350396,2.498756,3.210884,2.929,-0.860488,-0.578604
47,1.669653,0.658442,1,2.98519,2.83683,4.20916,2.851666,-1.22397,0.133524
47,0.658442,0.691814,0,2.54482,2.166502,3.086334,2.203592,-0.541514,0.341228
47,1.109431,0.644894,1,0.3392,0.064734,0.543542,0.313584,-0.204342,0.025616
47,0.644894,1.120272,0,1.033948,0.471906,0.677884,1.486446,0.356064,-0.452498
47,0.916036,0.644894,1,1.740642,0.242206,2.348918,2.371172,-0.608276,-0.63053
47,0.916036,0.902746,1,0.069144,0.828434,1.834628,0.966722,-1.765484,-0.897578
47,1.307457,0.658442,1,1.497442,0.777896,0.592446,1.222976,0.904996,0.274466
47,0.644894,0.921647,0,0.298964,0.13128,0.828572,0.588266,-0.529608,-0.289302
47,0.644894,1.550561,0,1.02572,1.0999,2.754114,2.54641,-1.728394,-1.52069
47,0.644894,1.493714,0,0.184658,0.21433,0.10306,0.481378,0.081598,-0.29672
47,0.921647,0.644894,1,1.721386,0.897988,2.656054,1.053766,-0.934668,0.66762
47,0.945777,0.644894,1,1.425432,0.651608,0.453674,0.698468,0.971758,0.726964
47,0.644894,1.553855,0,1.66114,1.000938,1.824336,1.342166,-0.163196,0.318974
47,0.644894,2.92271,0,2.705838,2.045636,2.379446,1.044206,0.326392,1.661632
47,0.644894,2.92271,0,1.101726,0.545376,0.486032,1.057218,0.615694,0.044508
47,0.658442,1.315625,0,0.222626,0.763968,0.615608,0.007332,-0.392982,0.215294
47,0.902746,0.921647,0,1.643236,1.33168,2.14766,1.843522,-0.504424,-0.200286
47,0.691814,0.644894,1,0.860478,0.244784,0.22255,0.74179,0.637928,0.118688
47,0.644894,1.91487,0,0.819348,0.308188,0.537464,1.390534,0.281884,-0.571186
47,1.119045,0.644894,1,4.077254,0.219894,2.38595,4.195942,1.691304,-0.118688
47,0.644894,1.912198,0,1.477344,2.582626,2.412012,1.892752,-0.934668,-0.415408
47,0.644894,2.016876,0,0.365524,0.180074,0.128148,0.780932,0.237376,-0.415408
47,0.644894,1.204598,0,1.130184,1.174692,0.010066,0.03232,1.120118,1.097864
47,1.448136,0.644894,1,1.46359,0.380562,0.551176,0.336054,0.912414,1.127536
47,0.691814,0.945777,0,1.331824,0.641364,1.190882,0.322976,0.140942,1.008848
47,0.902746,0.644894,1,0.200962,0.289978,2.315092,0.571862,-2.11413,-0.3709
47,0.644894,1.109431,0,3.31494,2.825352,3.337194,4.034486,-0.022254,-0.719546
47,0.658442,0.644894,1,1.00777,0.5256,0.036012,0.703632,0.971758,0.304138
47,0.644894,1.413711,0,0.958314,0.891552,0.164588,0.414016,0.793726,0.544298
47,0.644894,0.916036,0,2.063014,0.288492,1.8924,1.803384,0.170614,0.25963
47,0.644894,0.945777,0,0.742278,1.08255,0.778412,0.40105,-0.036134,0.341228
47,0.644894,1.26472,0,0.287028,0.42797,1.196572,0.922106,-0.909544,-0.635078
47,0.644894,1.26472,0,0.656144,1.027044,1.26442,1.271838,-0.608276,-0.615694
47,1.934681,0.644894,1,4.159196,4.559768,5.041938,6.992872,-0.882742,-2.833676
47,0.735998,1.749066,0,0.845506,0.289156,0.548786,0.444934,0.29672,0.400572
47,0.644894,1.291569,0,0.338196,0.523646,1.970156,1.428642,-1.63196,-1.090446
47,0.644894,2.016876,0,1.23953,0.334534,1.810716,2.20387,-0.571186,-0.96434
47,0.644894,0.644894,0,0.070102,0.26297,0.671698,0.048586,-0.601596,0.021516
47,1.109431,0.644894,1,0.40782,0.22271,1.11253,0.526508,-0.70471,-0.118688
47,0.644894,0.902746,0,1.280142,0.43449,1.309814,0.19604,-0.029672,1.084102
47,0.644894,1.289787,0,1.235376,0.18888,1.094434,0.641936,0.140942,0.59344
47,0.644894,1.120272,0,1.452502,1.586026,0.732956,0.777464,0.719546,0.675038
47,0.644894,2.850675,0,0.062264,0.805642,0.59052,0.056424,-0.528256,0.00584
47,0.644894,1.906588,0,0.221448,0.347554,0.518168,1.133862,-0.29672,-0.912414
47,0.644894,1.289787,0,0.878366,0.737424,1.60533,2.68094,-0.726964,-1.802574
47,0.644894,1.109431,0,0.965692,0.401924,2.360276,0.995364,-1.394584,-0.029672
47,0.644894,1.087947,0,0.554748,0.866304,1.563596,0.903394,-1.008848,-0.348646
47,0.691814,0.644894,1,0.676618,0.461496,0.302558,0.228378,0.37406,0.44824
47,0.945777,0.644894,1,1.613876,1.027854,0.70888,0.953674,0.904996,0.660202
47,0.644894,2.92271,0,1.46435,0.197282,0.529682,0.922836,0.934668,0.541514
47,0.644894,0.644894,0,0.589208,0.026486,0.344414,0.01165,0.244794,0.577558
47,0.644894,1.822696,0,1.249786,0.41897,0.129668,1.435236,1.120118,-0.18545
47,0.644894,1.438735,0,0.829324,0.970266,0.183958,0.762562,0.645366,0.066762
47,0.644894,1.291569,0,0.466248,0.399486,0.05084,0.43133,0.415408,0.034918
47,0.644894,0.986128,0,0.390142,0.02666,0.804156,0.470346,-0.414014,-0.080204
47,0.644894,2.850675,0,2.115964,2.753912,2.5017,1.515106,-0.385736,0.600858
47,1.447636,0.902746,1,3.117708,0.870054,3.881762,4.749668,-0.764054,-1.63196
47,0.945777,0.902746,1,0.017888,1.2135,1.821776,0.827764,-1.803888,-0.809876
47,0.902746,2.048539,0,0.571988,1.736614,0.623914,0.401374,-0.051926,0.170614
47,0.644894,0.916036,0,1.114074,0.139568,0.847026,0.097808,0.267048,1.016266
47,0.644894,0.921647,0,1.002748,0.691192,1.529426,1.751966,-0.526678,-0.749218
47,0.644894,1.26472,0,1.188692,0.63976,0.93648,1.188692,0.252212,0.0
47,0.902746,0.658442,1,1.550654,0.942378,1.67676,1.469056,-0.126106,0.081598
47,0.644894,1.465181,0,0.119472,0.674254,0.117904,0.000784,0.001568,0.118688
47,0.945777,0.691814,1,0.524944,0.6471,0.839968,0.35433,-0.315024,0.170614
47,0.644894,2.850675,0,1.03573,0.07697,1.15258,0.759426,-0.11685,0.276304
47,0.644894,1.581984,0,0.96753,1.00462,1.575806,0.655974,-0.608276,0.311556
47,0.902746,0.902746,0,0.460736,0.26045,0.720366,1.870156,-0.25963,-1.40942
47,0.644894,1.109431,0,0.194136,0.22869,0.683724,0.703442,-0.489588,-0.509306
47,0.644894,1.119045,0,0.517072,0.95911,0.054114,0.027484,0.462958,0.489588
47,1.109431,0.644894,1,1.469376,1.283926,0.794338,1.395196,0.675038,0.07418
47,0.644894,0.691814,0,0.791126,0.51666,0.418008,0.024854,0.373118,0.766272
47,0.644894,0.902746,0,0.693254,0.857108,0.397192,0.55297,0.296062,0.140284
47,0.644894,0.691814,0,0.309124,0.262062,0.153346,0.1756,0.155778,0.133524
47,0.902746,1.13168,0,0.50305,0.050552,0.809936,0.83686,-0.306886,-0.33381
47,0.902746,1.707575,0,0.24252,0.781164,0.546658,1.310712,-0.304138,-1.068192
47,0.658442,0.691814,0,0.432152,0.187358,0.717638,0.139034,-0.285486,0.293118
47,0.902746,3.216591,0,1.062662,0.294832,0.77336,0.610164,0.289302,0.452498
47,0.644894,0.921647,0,0.192824,0.222584,0.370856,0.993968,-0.178032,-0.801144
47,0.644894,0.902746,0,0.221702,1.104444,1.52727,0.037928,-1.305568,0.183774
47,0.644894,1.119045,0,0.33501,0.25843,2.345288,1.254842,-2.010278,-0.919832
47,0.644894,1.109431,0,0.17475,0.783026,0.7311,0.025536,-0.55635,0.149214
47,0.691814,2.018016,0,0.09472,1.155494,1.251928,0.57689,-1.157208,-0.48217
47,0.644894,1.109431,0,0.73299,0.866514,1.593478,1.88278,-0.860488,-1.14979
47,0.644894,2.850675,0,0.675434,0.35646,0.46773,0.377922,0.207704,0.297512
47,0.902746,0.902746,1,0.43721,1.305116,2.566176,0.555898,-2.128966,-0.118688
47,0.644894,3.062451,0,1.034292,0.52245,0.189678,0.18226,0.844614,0.852032
47,0.644894,0.644894,0,0.13348,0.637992,0.370856,0.4302,-0.237376,-0.29672
47,0.644894,0.644894,0,1.120604,0.883228,1.254128,0.883228,-0.133524,0.237376
47,0.644894,1.109431,0,0.986836,0.845894,0.081356,1.216794,0.90548,-0.229958
47,0.644894,0.902746,0,1.136036,0.23104,2.923774,1.328904,-1.787738,-0.192868
47,0.735998,0.644894,1,1.42224,0.005402,2.60912,2.334654,-1.18688,-0.912414
47,0.644894,1.425337,0,0.646308,0.052868,3.576418,1.848024,-2.93011,-1.201716
47,0.644894,1.291569,0,1.175852,0.931058,0.15197,1.428064,1.023882,-0.252212
47,0.644894,0.658442,0,0.526448,0.14859,2.314186,1.305338,-1.787738,-0.77889
47,1.119045,0.644894,1,0.11879,0.0817,1.765586,0.200388,-1.646796,-0.081598
47,0.644894,2.850675,0,1.527974,0.867772,1.639244,0.141076,-0.11127,1.386898
47,0.644894,0.644894,1,0.938784,0.426128,0.382434,0.649482,0.55635,0.289302
47,0.644894,1.109431,0,0.569106,0.88808,1.144452,0.36882,-0.575346,0.200286
47,0.902746,0.902746,0,0.055852,0.834742,1.969262,0.64144,-1.91341,-0.585588
47,0.644894,0.691814,0,0.647644,0.091294,0.04223,0.37604,0.605414,0.271604
47,0.644894,0.644894,1,0.042154,1.340304,1.006494,0.865552,-0.96434,-0.823398
47,0.916036,0.644894,1,0.404604,0.092402,1.220584,1.153822,-0.81598,-0.749218
47,0.902746,1.109431,0,0.798106,0.798106,1.731432,1.152828,-0.933326,-0.354722
47,0.644894,1.550561,0,0.37391,0.440672,0.514852,0.96133,-0.140942,-0.58742
47,1.087947,0.902746,1,3.2034,1.986848,6.771458,4.041634,-3.568058,-0.838234
47,0.644894,0.916036,0,1.417228,0.586412,0.897968,0.59383,0.51926,0.823398
47,0.902746,0.916036,0,1.365016,0.94219,1.891694,1.505958,-0.526678,-0.140942
47,0.644894,1.465181,0,0.33687,0.233018,0.752278,0.41105,-0.415408,-0.07418
