dataset,seed,idx,teacher_help,in_hole,local_density,dist_nearest,local_y_rough,support_loss,teacher_extra,ts_disagree,err_unguided
energy,42,0,-0.008861,0.0,0.902783,0.658442,0.109847,0.0,0.0,0.05981,0.07464
energy,42,1,0.062025,1.0,0.821376,0.644894,0.166834,0.644894,0.0,0.015506,0.082124
energy,42,2,-0.058333,0.0,0.882279,0.644894,0.007244,0.0,0.0,0.050949,0.138214
energy,42,3,-0.143249,0.0,0.766025,0.644894,0.622164,0.0,0.0,0.022152,0.120327
energy,42,4,-0.022152,0.0,0.753454,0.644894,0.155369,0.0,0.0,0.046519,0.023438
energy,42,5,0.052426,0.0,0.774862,0.644894,0.481696,0.0,0.0,0.091561,0.131597
energy,42,6,0.087869,0.0,0.93385,0.644894,0.014853,0.0,0.0,0.020675,0.097489
energy,42,7,-0.040612,0.0,0.882279,0.644894,0.022276,0.0,0.0,0.011814,0.028599
energy,42,8,-0.014768,0.0,0.757234,0.644894,0.198207,0.0,0.0,0.029536,0.212101
energy,42,9,-0.039873,1.0,0.932211,0.644894,0.23415,0.257852,0.0,0.012553,0.081111
energy,42,10,0.028281,0.0,0.701883,0.644894,0.158335,0.0,0.0,0.05981,0.063244
energy,42,11,-0.008122,0.0,0.925539,0.644894,0.168298,0.0,0.0,0.064241,0.075487
energy,42,12,0.002954,0.0,0.839303,0.644894,0.185227,0.0,0.0,0.008122,0.164453
energy,42,13,-0.013291,1.0,0.817595,0.644894,0.020703,0.257852,0.257852,0.008861,0.116844
energy,42,14,0.028059,0.0,0.847432,0.644894,0.181096,0.0,0.0,0.089346,0.073506
energy,42,15,0.001477,0.0,1.015103,0.644894,0.241396,0.0,0.0,0.05538,0.143201
energy,42,16,-0.022152,0.0,0.93385,0.644894,0.046529,0.0,0.0,0.061287,0.02669
energy,42,17,-0.001569,1.0,0.826202,0.644894,0.026883,0.257852,0.257852,0.0923,0.018414
energy,42,18,-0.042827,0.0,0.712338,0.644894,0.022094,0.0,0.0,0.016245,0.067545
energy,42,19,-0.001477,0.0,0.882279,0.644894,0.038999,0.0,0.0,0.011814,0.048833
energy,42,20,-0.003692,1.0,0.724069,0.644894,0.467782,0.0,0.0,0.017722,0.075857
energy,42,21,0.014768,1.0,0.858932,0.644894,0.653644,1.062681,0.0,0.186814,0.194071
energy,42,22,-0.036181,1.0,0.760128,0.644894,0.159688,0.257852,0.257852,0.050949,0.010298
energy,42,23,0.049473,0.0,0.858155,0.644894,0.610849,0.0,0.0,0.036181,0.226542
energy,42,24,0.016983,0.0,0.753454,0.644894,0.15826,0.0,0.0,0.007384,0.117993
energy,42,25,-0.016186,0.0,0.774631,0.644894,0.616147,0.0,0.0,0.008861,0.048764
energy,42,26,0.0,1.0,0.932211,0.644894,0.286008,0.464538,0.0,0.008122,0.095777
energy,42,27,0.00751,0.0,0.766025,0.644894,0.636261,0.0,0.0,0.015506,0.06135
energy,42,28,0.056857,1.0,0.809875,0.644894,0.163999,0.013548,0.0,0.05538,0.227378
energy,42,29,0.033966,0.0,0.809875,0.644894,0.127862,0.0,0.0,0.05981,0.093952
energy,42,30,-0.057595,1.0,0.95184,0.691814,0.015464,0.773367,0.519404,0.001477,0.091192
energy,42,31,-0.003046,0.0,0.867539,0.644894,0.023152,0.0,0.0,0.059072,0.019152
energy,42,32,-0.031013,0.0,0.753454,0.644894,0.157069,0.013548,0.0,0.028059,0.0141
energy,42,33,0.024367,1.0,0.854636,0.644894,0.541489,0.818718,0.0,0.112975,0.294646
energy,42,34,-0.026582,0.0,0.961055,0.644894,0.602741,0.0,0.0,0.00443,0.001315
energy,42,35,0.016983,0.0,0.93385,0.644894,0.017005,0.0,0.0,0.124789,0.074817
energy,42,36,-0.009599,1.0,0.882279,0.644894,0.019429,0.0,0.0,0.047257,0.092817
energy,42,37,0.003404,0.0,0.875609,0.644894,0.575059,0.0,0.0,0.042827,0.021269
energy,42,38,0.007384,0.0,0.932211,0.644894,0.254721,0.0,0.0,0.049473,0.028829
energy,42,39,0.062764,1.0,0.772515,0.644894,0.04019,0.464538,0.0,0.150633,0.135683
energy,42,40,-0.00443,0.0,0.979032,0.644894,0.258511,0.0,0.0,0.090084,0.043099
energy,42,41,0.009796,1.0,0.774631,0.644894,0.021839,0.84882,0.84882,0.160232,0.041818
energy,42,42,-0.029536,1.0,0.901542,0.658442,0.034093,0.831841,0.0,0.079747,0.361423
energy,42,43,-0.045042,0.0,0.884159,0.644894,0.225213,0.0,0.0,0.089346,0.015454
energy,42,44,-0.034705,1.0,0.854622,0.658442,0.027667,1.398801,0.709915,0.029536,0.316662
energy,42,45,-0.031013,1.0,0.958142,0.658442,0.192274,0.527304,0.0,0.070148,0.354006
energy,42,46,-0.001477,1.0,0.871298,0.658442,0.201377,0.327686,0.327686,0.062764,0.293926
energy,42,47,0.067194,1.0,0.838052,0.644894,0.177788,0.646675,0.0,0.163924,0.11613
energy,42,48,0.009771,0.0,0.835647,0.644894,0.248272,0.0,0.0,0.095992,0.042544
energy,42,49,-0.014768,0.0,0.97547,0.644894,0.269326,0.0,0.0,0.021414,0.042569
energy,42,50,-0.095253,1.0,0.983781,0.902746,0.222277,0.0,0.0,0.028059,0.044067
energy,42,51,0.076793,0.0,0.907609,0.658442,0.192879,0.0,0.0,0.149895,0.139458
energy,42,52,-0.016245,0.0,0.708558,0.644894,0.166808,0.0,0.0,0.025105,0.000962
energy,42,53,0.064979,0.0,0.766025,0.644894,0.653514,0.0,0.0,0.103376,0.214338
energy,42,54,-0.072205,0.0,0.763909,0.644894,0.027975,0.0,0.0,0.019198,0.029615
energy,42,55,-0.008861,0.0,0.701883,0.644894,0.154007,0.0,0.0,0.04135,0.076834
energy,42,56,0.015002,1.0,0.826202,0.644894,0.014114,0.046921,0.0,0.045042,0.028176
energy,42,57,0.073101,0.0,0.817595,0.644894,0.649341,0.0,0.0,0.013291,0.135816
energy,42,58,0.040612,0.0,0.882279,0.644894,0.052612,0.0,0.0,0.090823,0.208055
energy,42,59,0.040612,0.0,1.020369,0.644894,0.21742,0.0,0.0,0.07384,0.072009
energy,42,60,-0.047979,0.0,0.815479,0.658442,0.072405,0.0,0.0,0.090084,0.04062
energy,42,61,0.009599,0.0,1.034046,0.902746,0.183,0.0,0.0,0.067194,0.145848
energy,42,62,-0.014768,0.0,0.763909,0.644894,0.198093,0.0,0.0,0.112975,0.108543
energy,42,63,0.052426,0.0,0.824152,0.644894,0.50167,0.0,0.0,0.023629,0.078605
energy,42,64,-0.008861,0.0,1.05644,0.644894,0.267178,0.0,0.0,0.047996,0.010813
energy,42,65,0.067194,0.0,0.867539,0.644894,0.626593,0.0,0.0,0.047257,0.251909
energy,42,66,-0.090823,0.0,0.807362,0.644894,0.63102,0.0,0.0,0.019937,0.021617
energy,42,67,0.010126,1.0,0.763909,0.644894,0.195597,0.644894,0.644894,0.032489,0.051213
energy,42,68,0.014321,0.0,0.754524,0.644894,0.121564,0.0,0.0,0.0,0.019713
energy,42,69,-0.010338,1.0,0.877772,0.691814,0.024459,0.210932,0.210932,0.091561,0.0188
energy,42,70,-0.026582,0.0,0.90755,0.644894,0.336284,0.0,0.0,0.005907,0.121164
energy,42,71,-0.094515,0.0,0.981559,0.644894,0.221522,0.0,0.0,0.011814,0.125437
energy,42,72,-0.014768,1.0,0.890355,0.644894,0.032491,0.464538,0.464538,0.045781,0.011707
energy,42,73,-0.024367,1.0,0.724069,0.644894,0.516225,0.0,0.0,0.05981,0.099084
energy,42,74,0.015506,0.0,0.835647,0.644894,0.273335,0.0,0.0,0.107068,0.053084
energy,42,75,-0.042089,0.0,0.867539,0.644894,0.021799,0.0,0.0,0.045781,0.00586
energy,42,76,0.024653,0.0,0.775639,0.644894,0.456706,0.0,0.0,0.095253,0.051461
energy,42,77,0.008122,0.0,0.724069,0.644894,0.517696,0.0,0.0,0.081224,0.013695
energy,42,78,-0.005169,0.0,0.981559,0.644894,0.262932,0.0,0.0,0.0,0.243442
energy,42,79,-0.155802,0.0,0.888731,0.735998,0.321607,0.0,0.0,0.062764,0.050935
energy,42,80,0.023025,0.0,0.925539,0.644894,0.173642,0.0,0.0,0.002215,0.069107
energy,42,81,0.033966,0.0,0.766025,0.644894,0.662998,0.0,0.0,0.11076,0.227498
energy,42,82,0.076055,0.0,0.708558,0.644894,0.025155,0.0,0.0,0.086392,0.112569
energy,42,83,-0.041384,0.0,0.754524,0.644894,0.129515,0.0,0.0,0.070148,0.004413
energy,42,84,0.01846,0.0,0.760128,0.644894,0.157363,0.0,0.0,0.064979,0.027743
energy,42,85,0.045042,1.0,0.763909,0.644894,0.073053,0.013548,0.013548,0.049473,0.157675
energy,42,86,-0.023629,0.0,0.768913,0.644894,0.173179,0.0,0.0,0.031751,0.051546
energy,42,87,-0.000157,0.0,0.935772,0.644894,0.186069,0.0,0.0,0.019198,0.035734
energy,42,88,-0.006646,1.0,0.867003,0.644894,0.488549,0.0,0.0,0.062764,0.085545
energy,42,89,0.008861,0.0,0.794791,0.644894,0.161986,0.0,0.0,0.013291,0.129522
energy,42,90,0.011076,1.0,0.750744,0.644894,0.092932,0.0,0.0,0.039135,0.026717
energy,42,91,0.039135,0.0,0.724069,0.644894,0.551952,0.0,0.0,0.084916,0.057435
energy,42,92,0.077532,1.0,0.812769,0.644894,0.033233,0.804829,0.159935,0.086392,0.097311
energy,42,93,0.050949,0.0,0.763909,0.644894,0.190382,0.0,0.0,0.134388,0.098622
energy,42,94,0.01832,0.0,0.882279,0.644894,0.046734,0.0,0.0,0.023629,0.025405
energy,42,95,0.023629,0.0,0.708558,0.644894,0.150825,0.0,0.0,0.072363,0.03133
energy,42,96,0.100422,0.0,0.868996,0.644894,0.142857,0.0,0.0,0.039873,0.135481
energy,42,97,0.097468,0.0,0.907675,0.644894,0.159132,0.0,0.0,0.056118,0.128333
energy,42,98,-0.031751,1.0,0.708558,0.644894,0.035235,0.702435,0.702435,0.011814,0.069517
energy,42,99,-0.01403,1.0,0.864108,0.644894,0.185813,0.474151,0.0,0.112975,0.084477
energy,42,100,0.003692,0.0,1.147497,0.644894,0.130699,0.0,0.0,0.141772,0.363474
energy,42,101,0.031013,0.0,1.02868,0.902746,0.152233,0.0,0.0,0.181646,0.049686
energy,42,102,-0.064979,1.0,1.012626,0.902746,0.209537,0.412879,0.024056,0.053165,0.10381
energy,42,103,-0.107068,0.0,1.027041,0.902746,0.285225,0.0,0.0,0.052426,0.148498
energy,42,104,0.016245,0.0,0.766255,0.644894,0.153189,0.0,0.0,0.000738,0.037057
energy,42,105,-0.051688,0.0,0.847432,0.644894,0.139489,0.0,0.0,0.023629,0.129351
energy,42,106,-0.030274,0.0,0.841595,0.644894,0.479684,0.0,0.0,0.076793,0.051868
energy,42,107,-0.00443,0.0,0.94034,0.658442,0.110715,0.0,0.0,0.081962,0.086421
energy,42,108,0.041506,0.0,0.708558,0.644894,0.036048,0.0,0.0,0.045781,0.070226
energy,42,109,-0.033966,0.0,0.912426,0.691814,0.08335,0.0,0.0,0.016983,0.006818
energy,42,110,0.036737,0.0,0.840942,0.644894,0.035993,0.0,0.0,0.01403,0.063041
energy,42,111,-0.11519,0.0,0.835647,0.644894,0.230375,0.0,0.0,0.014768,0.037976
energy,42,112,-0.054641,0.0,1.002097,0.902746,0.353152,0.0,0.0,0.040612,0.031833
energy,42,113,0.058333,0.0,0.708558,0.644894,0.147072,0.0,0.0,0.042827,0.065591
energy,42,114,0.020675,0.0,0.826202,0.644894,0.018056,0.0,0.0,0.079008,0.051906
energy,42,115,-0.113713,1.0,0.712338,0.644894,0.025083,0.0,0.0,0.079747,0.001538
energy,42,116,-0.001698,0.0,0.763909,0.644894,0.027336,0.0,0.0,0.00443,0.011335
energy,42,117,-0.067933,1.0,0.858932,0.644894,0.02386,1.076067,1.076067,0.076793,0.07055
energy,42,118,0.028543,0.0,0.763909,0.644894,0.031481,0.0,0.0,0.005907,0.049715
energy,42,119,-0.025105,0.0,1.076871,0.902746,0.355019,0.0,0.0,0.052426,0.047859
energy,42,120,-0.05981,0.0,1.031338,0.902746,0.203605,0.0,0.0,0.024367,0.123539
energy,42,121,-0.026224,0.0,0.824085,0.658442,0.104041,0.0,0.0,0.051688,0.01384
energy,42,122,0.001114,0.0,1.304261,0.902746,0.399992,0.0,0.0,0.110021,0.047445
energy,42,123,0.00443,0.0,0.888769,0.644894,0.118191,0.0,0.0,0.090084,0.012557
energy,42,124,-0.063502,1.0,0.802263,0.644894,0.092678,0.0,0.0,0.066456,0.123229
energy,42,125,-0.084916,0.0,0.757234,0.644894,0.147472,0.0,0.0,0.056857,0.00455
energy,42,126,0.027236,0.0,0.760128,0.644894,0.025678,0.0,0.0,0.067194,0.048322
energy,42,127,-0.029536,0.0,0.989834,0.691814,0.653544,0.0,0.0,0.021414,0.097298
energy,42,128,0.076793,0.0,0.882279,0.644894,0.012544,0.0,0.0,0.017722,0.115051
energy,42,129,0.019198,0.0,1.011258,0.644894,0.035752,0.0,0.0,0.056857,0.127782
energy,42,130,0.036181,0.0,1.052047,0.902746,0.404098,0.0,0.0,0.050949,0.091516
energy,42,131,0.016983,0.0,0.882279,0.644894,0.039933,0.0,0.0,0.112236,0.017301
energy,42,132,0.0,1.0,0.754524,0.644894,0.137703,0.0,0.0,0.121097,0.052431
energy,42,133,-0.039135,1.0,0.766025,0.644894,0.019597,0.0,0.0,0.141034,0.01334
energy,42,134,-0.010386,0.0,0.708558,0.644894,0.026256,0.0,0.0,0.088608,0.043541
energy,42,135,-0.028274,0.0,0.701883,0.644894,0.135853,0.0,0.0,0.05981,0.020567
energy,42,136,-0.05538,0.0,0.835647,0.644894,0.208281,0.0,0.0,0.083439,0.000538
energy,42,137,0.137342,0.0,0.807362,0.644894,0.59121,0.0,0.0,0.056118,0.175094
energy,42,138,-0.020675,0.0,0.766025,0.644894,0.03378,0.0,0.0,0.005907,0.066835
energy,42,139,-0.028013,0.0,0.701883,0.644894,0.152411,0.0,0.0,0.073101,0.025128
energy,42,140,0.098945,0.0,0.772515,0.644894,0.042347,0.0,0.0,0.128481,0.129968
energy,42,141,0.042089,0.0,0.840942,0.644894,0.053868,0.0,0.0,0.040612,0.059058
energy,42,142,0.023629,0.0,0.840942,0.644894,0.019722,0.0,0.0,0.027321,0.065308
energy,42,143,-0.039873,0.0,0.977109,0.644894,0.108321,0.0,0.0,0.019198,0.052958
energy,42,144,-0.052426,0.0,0.983781,0.902746,0.299849,0.0,0.0,0.015506,0.008513
energy,42,145,-0.00443,1.0,0.812769,0.644894,0.148471,0.276754,0.018901,0.01846,0.025617
energy,42,146,-0.029536,0.0,0.757419,0.644894,0.01443,0.0,0.0,0.002954,0.132677
energy,42,147,-0.037658,0.0,0.981935,0.644894,0.248013,0.0,0.0,0.047257,0.014431
energy,42,148,0.028059,0.0,0.983781,0.902746,0.258314,0.0,0.0,0.037658,0.086828
energy,42,149,0.022152,0.0,0.766025,0.644894,0.686922,0.0,0.0,0.053165,0.060848
energy,42,150,0.028059,0.0,0.983781,0.902746,0.28425,0.0,0.0,0.028059,0.163807
energy,42,151,-0.058333,1.0,0.861821,0.644894,0.219698,0.464538,0.0,0.038397,0.12852
energy,42,152,-0.073101,1.0,1.005164,0.902746,0.257267,0.535989,0.0,0.070886,0.222268
energy,42,153,0.056118,0.0,0.708558,0.644894,0.019613,0.0,0.0,0.039873,0.070581
energy,43,0,0.086392,1.0,0.902783,0.658442,0.109847,0.631345,0.0,0.062025,0.139619
energy,43,1,0.022152,1.0,0.821376,0.644894,0.166834,0.046921,0.046921,0.024367,0.060711
energy,43,2,-0.030274,1.0,0.882279,0.644894,0.007244,0.474151,0.0,0.123312,0.373025
energy,43,3,-0.03692,0.0,0.766025,0.644894,0.622164,0.0,0.0,0.072363,0.10482
energy,43,4,0.033228,1.0,0.753454,0.644894,0.155369,0.257852,0.0,0.124789,0.07291
energy,43,5,-0.122574,0.0,0.774862,0.644894,0.481696,0.0,0.0,0.051688,0.017884
energy,43,6,-0.062764,0.0,0.93385,0.644894,0.014853,0.0,0.0,0.021414,0.116687
energy,43,7,-0.01403,0.0,0.882279,0.644894,0.022276,0.0,0.0,0.047257,0.026384
energy,43,8,0.024367,1.0,0.757234,0.644894,0.198207,0.013548,0.0,0.016245,0.215793
energy,43,9,-0.013066,0.0,0.932211,0.644894,0.23415,0.0,0.0,0.030274,0.029649
energy,43,10,-0.061065,0.0,0.701883,0.644894,0.158335,0.0,0.0,0.00443,0.007126
energy,43,11,-0.115928,1.0,0.925539,0.644894,0.168298,1.492398,0.0,0.031751,0.146374
energy,43,12,-0.074578,0.0,0.839303,0.644894,0.185227,0.0,0.0,0.036181,0.127533
energy,43,13,-0.015861,0.0,0.817595,0.644894,0.020703,0.0,0.0,0.0923,0.016806
energy,43,14,0.037658,1.0,0.847432,0.644894,0.181096,0.936485,0.0,0.035443,0.082367
energy,43,15,-0.029536,1.0,1.015103,0.644894,0.241396,0.474151,0.0,0.047996,0.138033
energy,43,16,-0.086392,1.0,0.93385,0.644894,0.046529,0.257852,0.0,0.058333,0.000846
energy,43,17,0.078178,0.0,0.826202,0.644894,0.026883,0.0,0.0,0.104114,0.085608
energy,43,18,0.033966,0.0,0.712338,0.644894,0.022094,0.0,0.0,0.067194,0.114802
energy,43,19,0.007581,1.0,0.882279,0.644894,0.038999,0.930892,0.0,0.030274,0.107904
energy,43,20,-0.053903,1.0,0.724069,0.644894,0.467782,0.300884,0.0,0.105591,0.078072
energy,43,21,0.006162,0.0,0.858932,0.644894,0.653644,0.0,0.0,0.030274,0.010465
energy,43,22,0.050133,0.0,0.760128,0.644894,0.159688,0.0,0.0,0.03692,0.052387
energy,43,23,-0.019198,1.0,0.858155,0.644894,0.610849,0.300884,0.0,0.067933,0.210298
energy,43,24,-0.098945,1.0,0.753454,0.644894,0.15826,0.472468,0.472468,0.065717,0.069258
energy,43,25,0.033907,0.0,0.774631,0.644894,0.616147,0.0,0.0,0.00443,0.056827
energy,43,26,0.059072,1.0,0.932211,0.644894,0.286008,0.475378,0.0,0.050211,0.122359
energy,43,27,0.061287,0.0,0.766025,0.644894,0.636261,0.0,0.0,0.144726,0.136667
energy,43,28,0.029536,1.0,0.809875,0.644894,0.163999,0.474151,0.474151,0.033228,0.192674
energy,43,29,-0.061287,0.0,0.809875,0.644894,0.127862,0.0,0.0,0.008861,0.054079
energy,43,30,0.087131,0.0,0.95184,0.691814,0.015464,0.210932,0.210932,0.124051,0.088238
energy,43,31,0.052426,0.0,0.867539,0.644894,0.023152,0.0,0.0,0.070886,0.053857
energy,43,32,-0.005169,1.0,0.753454,0.644894,0.157069,0.464538,0.464538,0.085654,0.072433
energy,43,33,-0.060549,0.0,0.854636,0.644894,0.541489,0.0,0.0,0.027321,0.065743
energy,43,34,0.037983,0.0,0.961055,0.644894,0.602741,0.0,0.0,0.162447,0.079909
energy,43,35,-0.017722,0.0,0.93385,0.644894,0.017005,0.257852,0.0,0.008861,0.057834
energy,43,36,0.02289,1.0,0.882279,0.644894,0.019429,0.0,0.0,0.038397,0.277416
energy,43,37,-0.024655,0.0,0.875609,0.644894,0.575059,0.0,0.0,0.120359,0.016101
energy,43,38,0.132173,0.0,0.932211,0.644894,0.254721,0.257852,0.0,0.060549,0.139525
energy,43,39,0.000738,0.0,0.772515,0.644894,0.04019,0.0,0.0,0.01403,0.032671
energy,43,40,-0.024367,1.0,0.979032,0.644894,0.258511,0.474151,0.0,0.024367,0.106057
energy,43,41,0.108544,0.0,0.774631,0.644894,0.021839,0.0,0.0,0.135865,0.109751
energy,43,42,-0.076793,0.0,0.901542,0.658442,0.034093,0.0,0.0,0.07384,0.128828
energy,43,43,-0.008122,0.0,0.884159,0.644894,0.225213,0.0,0.0,0.144726,0.138132
energy,43,44,-0.006646,0.0,0.854622,0.658442,0.027667,0.0,0.0,0.081962,0.122463
energy,43,45,-0.032489,0.0,0.958142,0.658442,0.192274,0.0,0.0,0.047257,0.155377
energy,43,46,-0.064241,0.0,0.871298,0.658442,0.201377,0.0,0.0,0.029536,0.138863
energy,43,47,-0.026582,0.0,0.838052,0.644894,0.177788,0.046921,0.046921,0.016245,0.036718
energy,43,48,0.001477,0.0,0.835647,0.644894,0.248272,0.0,0.0,0.029536,0.048451
energy,43,49,-0.061287,0.0,0.97547,0.644894,0.269326,0.271142,0.0,0.050211,0.114932
energy,43,50,0.025844,1.0,0.983781,0.902746,0.222277,0.510965,0.0,0.05538,0.063739
energy,43,51,0.083439,1.0,0.907609,0.658442,0.192879,0.287335,0.043031,0.135127,0.085555
energy,43,52,0.053165,0.0,0.708558,0.644894,0.166808,0.0,0.0,0.002954,0.054418
energy,43,53,-0.040612,0.0,0.766025,0.644894,0.653514,0.0,0.0,0.016983,0.088072
energy,43,54,-0.033228,0.0,0.763909,0.644894,0.027975,0.0,0.0,0.022152,0.017643
energy,43,55,-0.047257,0.0,0.701883,0.644894,0.154007,0.0,0.0,0.066456,0.033269
energy,43,56,0.10116,0.0,0.826202,0.644894,0.014114,0.0,0.0,0.130696,0.124906
energy,43,57,-0.052426,0.0,0.817595,0.644894,0.649341,0.046921,0.0,0.047257,0.105542
energy,43,58,-0.009599,0.0,0.882279,0.644894,0.052612,0.0,0.0,0.067933,0.278203
energy,43,59,0.00443,1.0,1.020369,0.644894,0.21742,0.646675,0.0,0.005169,0.100806
energy,43,60,-0.005169,0.0,0.815479,0.658442,0.072405,0.0,0.0,0.132173,0.06054
energy,43,61,0.098207,1.0,1.034046,0.902746,0.183,0.535034,0.0,0.031751,0.156924
energy,43,62,-0.011076,0.0,0.763909,0.644894,0.198093,0.0,0.0,0.037658,0.00886
energy,43,63,0.050211,0.0,0.824152,0.644894,0.50167,0.0,0.0,0.036181,0.077867
energy,43,64,-0.084916,1.0,1.05644,0.644894,0.267178,0.474151,0.0,0.006646,0.181382
energy,43,65,-0.0923,0.0,0.867539,0.644894,0.626593,0.0,0.0,0.054641,0.102753
energy,43,66,0.016983,0.0,0.807362,0.644894,0.63102,0.0,0.0,0.054641,0.07995
energy,43,67,-0.047257,0.0,0.763909,0.644894,0.195597,0.013548,0.013548,0.02289,0.007648
energy,43,68,0.046519,0.0,0.754524,0.644894,0.121564,0.0,0.0,0.047996,0.060325
energy,43,69,0.065776,0.0,0.877772,0.691814,0.024459,0.0,0.0,0.095992,0.080145
energy,43,70,-0.020675,0.0,0.90755,0.644894,0.336284,0.0,0.0,0.080485,0.030207
energy,43,71,-0.050211,1.0,0.981559,0.644894,0.221522,0.474151,0.0,0.01846,0.438517
energy,43,72,0.036181,0.0,0.890355,0.644894,0.032491,0.0,0.0,0.182384,0.096623
energy,43,73,-0.034243,0.0,0.724069,0.644894,0.516225,0.0,0.0,0.062025,0.070009
energy,43,74,0.024367,0.0,0.835647,0.644894,0.273335,0.0,0.0,0.135127,0.057676
energy,43,75,0.054737,0.0,0.867539,0.644894,0.021799,0.0,0.0,0.095992,0.077579
energy,43,76,0.100422,0.0,0.775639,0.644894,0.456706,0.0,0.0,0.100422,0.134615
energy,43,77,0.072363,0.0,0.724069,0.644894,0.517696,0.0,0.0,0.07827,0.092634
energy,43,78,0.05538,1.0,0.981559,0.644894,0.262932,0.257852,0.0,0.029536,0.261163
energy,43,79,-0.087131,0.0,0.888731,0.735998,0.321607,0.0,0.0,0.038397,0.121083
energy,43,80,0.035443,0.0,0.925539,0.644894,0.173642,0.0,0.0,0.109283,0.054943
energy,43,81,0.025105,0.0,0.766025,0.644894,0.662998,0.0,0.0,0.093038,0.186148
energy,43,82,-0.016318,0.0,0.708558,0.644894,0.025155,0.0,0.0,0.005907,0.012885
energy,43,83,-0.004464,1.0,0.754524,0.644894,0.129515,0.474151,0.474151,0.124051,0.056101
energy,43,84,-0.005276,1.0,0.760128,0.644894,0.157363,0.464538,0.464538,0.056118,0.022468
energy,43,85,0.019198,0.0,0.763909,0.644894,0.073053,0.0,0.0,0.028059,0.116325
energy,43,86,-0.104852,0.0,0.768913,0.644894,0.173179,0.0,0.0,0.002954,0.053761
energy,43,87,0.085654,1.0,0.935772,0.644894,0.186069,0.257852,0.0,0.047996,0.089055
energy,43,88,-0.090605,1.0,0.867003,0.644894,0.488549,0.046921,0.0,0.095253,0.011185
energy,43,89,-0.050949,0.0,0.794791,0.644894,0.161986,0.0,0.0,0.010338,0.057898
energy,43,90,-0.08297,1.0,0.750744,0.644894,0.092932,0.257852,0.257852,0.014768,0.033093
energy,43,91,-0.016983,0.0,0.724069,0.644894,0.551952,0.0,0.0,0.05538,0.095832
energy,43,92,-0.066456,1.0,0.812769,0.644894,0.033233,0.046921,0.046921,0.045042,0.021571
energy,43,93,0.090176,1.0,0.763909,0.644894,0.190382,0.046921,0.0,0.154325,0.090499
energy,43,94,0.02289,1.0,0.882279,0.644894,0.046734,0.474151,0.0,0.063502,0.026283
energy,43,95,-0.044408,0.0,0.708558,0.644894,0.150825,0.013548,0.013548,0.10116,0.006224
energy,43,96,-0.060578,0.0,0.868996,0.644894,0.142857,0.0,0.0,0.00443,0.007
energy,43,97,-0.006204,1.0,0.907675,0.644894,0.159132,0.257852,0.0,0.049473,0.002805
energy,43,98,-0.025105,1.0,0.708558,0.644894,0.035235,0.0,0.0,0.103376,0.012445
energy,43,99,0.002215,1.0,0.864108,0.644894,0.185813,0.341234,0.341234,0.049473,0.066894
energy,43,100,-0.031013,0.0,1.147497,0.644894,0.130699,0.0,0.0,0.060549,0.301448
energy,43,101,-0.040612,0.0,1.02868,0.902746,0.152233,0.0,0.0,0.028059,0.035968
energy,43,102,0.03692,0.0,1.012626,0.902746,0.209537,0.0,0.0,0.067933,0.072667
energy,43,103,-0.047996,0.0,1.027041,0.902746,0.285225,0.0,0.0,0.00443,0.178033
energy,43,104,0.03692,0.0,0.766255,0.644894,0.153189,0.0,0.0,0.079008,0.084314
energy,43,105,0.11962,1.0,0.847432,0.644894,0.139489,0.0,0.0,0.071624,0.162578
energy,43,106,0.087869,0.0,0.841595,0.644894,0.479684,0.0,0.0,0.10116,0.136045
energy,43,107,0.109283,1.0,0.94034,0.658442,0.110715,0.917343,0.0,0.064241,0.141801
energy,43,108,0.008278,0.0,0.708558,0.644894,0.036048,0.0,0.0,0.098945,0.025184
energy,43,109,0.069409,0.0,0.912426,0.691814,0.08335,0.0,0.0,0.070148,0.09065
energy,43,110,0.024184,1.0,0.840942,0.644894,0.035993,0.257852,0.0,0.068671,0.092577
energy,43,111,-0.027321,1.0,0.835647,0.644894,0.230375,0.091104,0.0,0.083439,0.228482
energy,43,112,-0.081962,0.0,1.002097,0.902746,0.353152,0.0,0.0,0.046519,0.068589
energy,43,113,-0.001477,0.0,0.708558,0.644894,0.147072,0.0,0.0,0.074578,0.021287
energy,43,114,-0.047257,0.0,0.826202,0.644894,0.018056,0.0,0.0,0.042089,0.003171
energy,43,115,0.010338,0.0,0.712338,0.644894,0.025083,0.0,0.0,0.040612,0.070209
energy,43,116,-0.062985,0.0,0.763909,0.644894,0.027336,0.0,0.0,0.052426,0.015027
energy,43,117,0.052361,0.0,0.858932,0.644894,0.02386,0.0,0.0,0.111498,0.068269
energy,43,118,0.026582,0.0,0.763909,0.644894,0.031481,0.013548,0.013548,0.160232,0.030032
energy,43,119,-0.051414,0.0,1.076871,0.902746,0.355019,0.0,0.0,0.090084,0.063639
energy,43,120,-0.023629,0.0,1.031338,0.902746,0.203605,0.0,0.0,0.090823,0.113939
energy,43,121,-0.097848,0.0,0.824085,0.658442,0.104041,0.0,0.0,0.07827,0.002025
energy,43,122,0.024367,0.0,1.304261,0.902746,0.399992,0.0,0.0,0.063502,0.061099
energy,43,123,-0.059072,0.0,0.888769,0.644894,0.118191,0.0,0.0,0.005169,0.011819
energy,43,124,0.019365,0.0,0.802263,0.644894,0.092678,0.0,0.0,0.024367,0.03405
energy,43,125,-0.026083,0.0,0.757234,0.644894,0.147472,0.0,0.0,0.028059,0.010957
energy,43,126,-0.008861,0.0,0.760128,0.644894,0.025678,0.0,0.0,0.130696,0.046931
energy,43,127,-0.067933,0.0,0.989834,0.691814,0.653544,0.0,0.0,0.011814,0.019766
energy,43,128,-0.070148,0.0,0.882279,0.644894,0.012544,0.0,0.0,0.076793,0.002815
energy,43,129,-0.070965,0.0,1.011258,0.644894,0.035752,0.0,0.0,0.023629,0.004391
energy,43,130,-0.003692,0.0,1.052047,0.902746,0.404098,0.0,0.0,0.019937,0.133605
energy,43,131,0.034808,1.0,0.882279,0.644894,0.039933,0.0,0.0,0.002954,0.072784
energy,43,132,-0.107076,1.0,0.754524,0.644894,0.137703,0.464538,0.464538,0.044304,0.000734
energy,43,133,0.090823,0.0,0.766025,0.644894,0.019597,0.0,0.0,0.117405,0.118192
energy,43,134,0.025105,0.0,0.708558,0.644894,0.026256,0.0,0.0,0.060549,0.045805
energy,43,135,0.026582,0.0,0.701883,0.644894,0.135853,0.0,0.0,0.087131,0.096099
energy,43,136,-0.005907,0.0,0.835647,0.644894,0.208281,0.0,0.0,0.136603,0.231656
energy,43,137,-0.024367,0.0,0.807362,0.644894,0.59121,0.0,0.0,0.031751,0.088701
energy,43,138,0.061287,0.0,0.766025,0.644894,0.03378,0.0,0.0,0.085654,0.083079
energy,43,139,-0.038397,1.0,0.701883,0.644894,0.152411,0.257852,0.257852,0.050211,0.029513
energy,43,140,-0.02289,0.0,0.772515,0.644894,0.042347,0.0,0.0,0.007384,0.008112
energy,43,141,-0.049473,0.0,0.840942,0.644894,0.053868,0.0,0.0,0.063502,0.085641
energy,43,142,0.045042,1.0,0.840942,0.644894,0.019722,0.257852,0.0,0.064241,0.074988
energy,43,143,-0.030599,1.0,0.977109,0.644894,0.108321,0.257852,0.0,0.052426,0.006114
energy,43,144,0.025844,1.0,0.983781,0.902746,0.299849,0.217526,0.0,0.073101,0.189377
energy,43,145,0.061572,1.0,0.812769,0.644894,0.148471,0.0,0.0,0.026582,0.066967
energy,43,146,-0.043565,0.0,0.757419,0.644894,0.01443,0.0,0.0,0.039135,0.029302
energy,43,147,0.070148,0.0,0.981935,0.644894,0.248013,0.0,0.0,0.104852,0.126603
energy,43,148,0.023629,1.0,0.983781,0.902746,0.258314,0.01329,0.0,0.04135,0.130999
energy,43,149,0.040612,0.0,0.766025,0.644894,0.686922,0.0,0.0,0.028059,0.123612
energy,43,150,0.149895,0.0,0.983781,0.902746,0.28425,0.0,0.0,0.042827,0.205157
energy,43,151,-0.05981,0.0,0.861821,0.644894,0.219698,0.091104,0.0,0.07827,0.01776
energy,43,152,-0.035443,0.0,1.005164,0.902746,0.257267,0.0,0.0,0.00443,0.057605
energy,43,153,-0.011076,0.0,0.708558,0.644894,0.019613,0.0,0.0,0.025105,0.001043
energy,44,0,0.005907,0.0,0.902783,0.658442,0.109847,0.0,0.0,0.034705,0.048058
energy,44,1,0.025844,1.0,0.821376,0.644894,0.166834,0.300884,0.0,0.067194,0.055542
energy,44,2,0.094515,0.0,0.882279,0.644894,0.007244,0.0,0.0,0.056118,0.213531
energy,44,3,-0.080485,0.0,0.766025,0.644894,0.622164,0.0,0.0,0.13365,0.136572
energy,44,4,-0.028059,0.0,0.753454,0.644894,0.155369,0.0,0.0,0.027321,0.024558
energy,44,5,0.066456,0.0,0.774862,0.644894,0.481696,0.0,0.0,0.047257,0.087294
energy,44,6,-0.104893,0.0,0.93385,0.644894,0.014853,0.0,0.0,0.054641,0.002933
energy,44,7,0.002215,0.0,0.882279,0.644894,0.022276,0.0,0.0,0.013291,0.072903
energy,44,8,-0.009599,0.0,0.757234,0.644894,0.198207,0.0,0.0,0.074578,0.239422
energy,44,9,0.008861,0.0,0.932211,0.644894,0.23415,0.0,0.0,0.070148,0.058959
energy,44,10,0.025844,0.0,0.701883,0.644894,0.158335,0.0,0.0,0.02289,0.048476
energy,44,11,-0.011814,0.0,0.925539,0.644894,0.168298,0.0,0.0,0.00443,0.038568
energy,44,12,0.101899,1.0,0.839303,0.644894,0.185227,0.657637,0.0,0.121835,0.309917
energy,44,13,-0.007384,0.0,0.817595,0.644894,0.020703,0.0,0.0,0.057595,0.0083
energy,44,14,-0.034776,0.0,0.847432,0.644894,0.181096,0.0,0.0,0.0,0.016578
energy,44,15,0.076793,0.0,1.015103,0.644894,0.241396,0.0,0.0,0.020675,0.115142
energy,44,16,-0.009599,0.0,0.93385,0.644894,0.046529,0.0,0.0,0.035443,0.067301
energy,44,17,-0.021414,0.0,0.826202,0.644894,0.026883,0.0,0.0,0.048734,0.042042
energy,44,18,-0.020675,0.0,0.712338,0.644894,0.022094,0.0,0.0,0.02289,0.094127
energy,44,19,-0.049473,0.0,0.882279,0.644894,0.038999,0.0,0.0,0.042827,0.069508
energy,44,20,0.038739,0.0,0.724069,0.644894,0.467782,0.0,0.0,0.090823,0.068473
energy,44,21,0.009345,0.0,0.858932,0.644894,0.653644,0.0,0.0,0.200106,0.092911
energy,44,22,-0.005247,1.0,0.760128,0.644894,0.159688,0.472468,0.214615,0.061287,0.00513
energy,44,23,0.149895,0.0,0.858155,0.644894,0.610849,0.0,0.0,0.145464,0.270846
energy,44,24,0.025844,0.0,0.753454,0.644894,0.15826,0.013548,0.0,0.093776,0.123161
energy,44,25,0.051008,1.0,0.774631,0.644894,0.616147,0.0,0.0,0.183122,0.110789
energy,44,26,-0.00486,0.0,0.932211,0.644894,0.286008,0.0,0.0,0.031751,0.02046
energy,44,27,-0.010338,0.0,0.766025,0.644894,0.636261,0.0,0.0,0.002954,0.054704
energy,44,28,0.011814,1.0,0.809875,0.644894,0.163999,0.644894,0.0,0.057595,0.196366
energy,44,29,-0.060549,1.0,0.809875,0.644894,0.127862,0.0,0.0,0.04135,0.126442
energy,44,30,-0.005169,1.0,0.95184,0.691814,0.015464,0.210932,0.0,0.077532,0.014399
energy,44,31,-0.023629,1.0,0.867539,0.644894,0.023152,0.464538,0.464538,0.026582,0.035397
energy,44,32,0.027181,1.0,0.753454,0.644894,0.157069,0.257852,0.0,0.062764,0.031681
energy,44,33,0.067933,0.0,0.854636,0.644894,0.541489,0.0,0.0,0.033966,0.081249
energy,44,34,0.069409,0.0,0.961055,0.644894,0.602741,0.0,0.0,0.17943,0.137918
energy,44,35,-0.015506,0.0,0.93385,0.644894,0.017005,0.0,0.0,0.023629,0.026083
energy,44,36,-0.006646,0.0,0.882279,0.644894,0.019429,0.0,0.0,0.047257,0.096509
energy,44,37,0.076793,0.0,0.875609,0.644894,0.575059,0.0,0.0,0.168354,0.102043
energy,44,38,0.003692,0.0,0.932211,0.644894,0.254721,0.0,0.0,0.011814,0.010306
energy,44,39,-0.02105,0.0,0.772515,0.644894,0.04019,0.0,0.0,0.038397,0.007566
energy,44,40,0.035638,0.0,0.979032,0.644894,0.258511,0.0,0.0,0.014768,0.046247
energy,44,41,-0.014768,0.0,0.774631,0.644894,0.021839,0.0,0.0,0.052426,0.067662
energy,44,42,-0.042089,0.0,0.901542,0.658442,0.034093,0.033372,0.0,0.019937,0.19676
energy,44,43,0.045885,0.0,0.884159,0.644894,0.225213,0.0,0.0,0.011814,0.048048
energy,44,44,-0.031013,1.0,0.854622,0.658442,0.027667,0.963361,0.0,0.006646,0.194826
energy,44,45,-0.053903,0.0,0.958142,0.658442,0.192274,0.0,0.0,0.021414,0.178268
energy,44,46,-0.01846,0.0,0.871298,0.658442,0.201377,0.0,0.0,0.008122,0.177998
energy,44,47,-0.001142,1.0,0.838052,0.644894,0.177788,0.300884,0.0,0.056118,0.018258
energy,44,48,0.037658,0.0,0.835647,0.644894,0.248272,0.0,0.0,0.014768,0.053448
energy,44,49,-0.003692,1.0,0.97547,0.644894,0.269326,0.474151,0.0,0.0,0.160713
energy,44,50,-0.083439,0.0,0.983781,0.902746,0.222277,0.0,0.0,0.002954,0.092062
energy,44,51,-0.02289,0.0,0.907609,0.658442,0.192879,0.0,0.0,0.027321,0.014669
energy,44,52,-0.031751,1.0,0.708558,0.644894,0.166808,0.644894,0.644894,0.026582,0.033004
energy,44,53,0.172046,1.0,0.766025,0.644894,0.653514,0.0,0.0,0.129958,0.232059
energy,44,54,-0.014187,0.0,0.763909,0.644894,0.027975,0.0,0.0,0.01846,0.022073
energy,44,55,0.028797,1.0,0.701883,0.644894,0.154007,0.276754,0.0,0.076055,0.057636
energy,44,56,-0.050949,0.0,0.826202,0.644894,0.014114,0.0,0.0,0.000738,0.052543
energy,44,57,-0.043565,1.0,0.817595,0.644894,0.649341,0.492453,0.445532,0.0,0.144677
energy,44,58,0.120359,0.0,0.882279,0.644894,0.052612,0.0,0.0,0.106329,0.231684
energy,44,59,0.05098,0.0,1.020369,0.644894,0.21742,0.0,0.0,0.047257,0.083823
energy,44,60,0.005907,0.0,0.815479,0.658442,0.072405,0.0,0.0,0.03692,0.062017
energy,44,61,-0.001477,0.0,1.034046,0.902746,0.183,0.0,0.0,0.015506,0.110405
energy,44,62,-0.017724,0.0,0.763909,0.644894,0.198093,0.0,0.0,0.024367,0.019936
energy,44,63,0.002954,1.0,0.824152,0.644894,0.50167,0.046921,0.0,0.023629,0.02101
energy,44,64,0.058333,0.0,1.05644,0.644894,0.267178,0.0,0.0,0.010338,0.13191
energy,44,65,0.163186,1.0,0.867539,0.644894,0.626593,0.464538,0.0,0.203798,0.364884
energy,44,66,0.010669,1.0,0.807362,0.644894,0.63102,0.0,0.0,0.21192,0.086928
energy,44,67,0.027321,1.0,0.763909,0.644894,0.195597,0.67199,0.0,0.132173,0.063027
energy,44,68,-0.07384,1.0,0.754524,0.644894,0.121564,0.0,0.0,0.071624,0.00273
energy,44,69,-0.044304,0.0,0.877772,0.691814,0.024459,0.0,0.0,0.011814,0.010736
energy,44,70,0.000738,0.0,0.90755,0.644894,0.336284,0.0,0.0,0.165401,0.155131
energy,44,71,0.087869,0.0,0.981559,0.644894,0.221522,0.0,0.0,0.090084,0.293792
energy,44,72,0.058119,0.0,0.890355,0.644894,0.032491,0.0,0.0,0.044304,0.074471
energy,44,73,0.000738,0.0,0.724069,0.644894,0.516225,0.0,0.0,0.048734,0.0917
energy,44,74,-0.012553,0.0,0.835647,0.644894,0.273335,0.0,0.0,0.046519,0.006565
energy,44,75,-0.01403,1.0,0.867539,0.644894,0.021799,0.0,0.0,0.008122,0.039183
energy,44,76,-0.018746,0.0,0.775639,0.644894,0.456706,0.0,0.0,0.001477,0.013517
energy,44,77,-0.053903,0.0,0.724069,0.644894,0.517696,0.0,0.0,0.007384,0.091896
energy,44,78,0.05981,0.0,0.981559,0.644894,0.262932,0.0,0.0,0.091561,0.200615
energy,44,79,0.131406,0.0,0.888731,0.735998,0.321607,0.0,0.0,0.027321,0.135112
energy,44,80,0.018325,0.0,0.925539,0.644894,0.173642,0.0,0.0,0.13808,0.066758
energy,44,81,0.209705,1.0,0.766025,0.644894,0.662998,0.0,0.0,0.132173,0.245958
energy,44,82,-0.053165,0.0,0.708558,0.644894,0.025155,0.0,0.0,0.002215,0.002548
energy,44,83,-0.050949,1.0,0.754524,0.644894,0.129515,0.0,0.0,0.011814,0.050966
energy,44,84,-0.035336,1.0,0.760128,0.644894,0.157363,0.046921,0.0,0.068671,0.008545
energy,44,85,0.022152,0.0,0.763909,0.644894,0.073053,0.0,0.0,0.000738,0.112633
energy,44,86,0.15211,1.0,0.768913,0.644894,0.173179,0.644894,0.0,0.0923,0.277495
energy,44,87,-0.017879,0.0,0.935772,0.644894,0.186069,0.0,0.0,0.058333,0.019489
energy,44,88,0.07384,0.0,0.867003,0.644894,0.488549,0.0,0.0,0.104114,0.089237
energy,44,89,0.011076,1.0,0.794791,0.644894,0.161986,0.013548,0.013548,0.019198,0.139121
energy,44,90,0.028797,1.0,0.750744,0.644894,0.092932,0.464538,0.0,0.094515,0.096126
energy,44,91,0.019937,0.0,0.724069,0.644894,0.551952,0.0,0.0,0.024367,0.067035
energy,44,92,-0.002639,1.0,0.812769,0.644894,0.033233,0.644894,0.180356,0.095253,0.0356
energy,44,93,-0.021322,0.0,0.763909,0.644894,0.190382,0.0,0.0,0.064241,0.011491
energy,44,94,0.021273,0.0,0.882279,0.644894,0.046734,0.0,0.0,0.048734,0.059371
energy,44,95,-0.053903,0.0,0.708558,0.644894,0.150825,0.0,0.0,0.028797,0.053586
energy,44,96,0.02735,1.0,0.868996,0.644894,0.142857,0.464538,0.206685,0.040612,0.051333
energy,44,97,-0.096433,1.0,0.907675,0.644894,0.159132,0.474151,0.216299,0.02289,0.006056
energy,44,98,-0.020891,0.0,0.708558,0.644894,0.035235,0.0,0.0,0.11962,0.015398
energy,44,99,-0.007245,1.0,0.864108,0.644894,0.185813,0.646675,0.0,0.098207,0.020375
energy,44,100,0.163186,0.0,1.147497,0.644894,0.130699,0.0,0.0,0.200106,0.409254
energy,44,101,0.013719,0.0,1.02868,0.902746,0.152233,0.0,0.0,0.048734,0.020889
energy,44,102,-0.01416,1.0,1.012626,0.902746,0.209537,0.206685,0.0,0.108544,0.020241
energy,44,103,-0.034705,0.0,1.027041,0.902746,0.285225,0.0,0.0,0.11519,0.259257
energy,44,104,0.081962,0.0,0.766255,0.644894,0.153189,0.0,0.0,0.028059,0.09096
energy,44,105,-0.007384,0.0,0.847432,0.644894,0.139489,0.0,0.0,0.019198,0.076924
energy,44,106,-0.023989,0.0,0.841595,0.644894,0.479684,0.091104,0.0,0.11076,0.024187
energy,44,107,0.026582,0.0,0.94034,0.658442,0.110715,0.0,0.0,0.095992,0.08273
energy,44,108,-0.065135,0.0,0.708558,0.644894,0.036048,0.0,0.0,0.064979,0.03315
energy,44,109,0.034705,1.0,0.912426,0.691814,0.08335,0.210932,0.210932,0.049473,0.092127
energy,44,110,0.020858,0.0,0.840942,0.644894,0.035993,0.0,0.0,0.079008,0.048456
energy,44,111,0.129219,0.0,0.835647,0.644894,0.230375,0.0,0.0,0.015506,0.159811
energy,44,112,-0.03971,0.0,1.002097,0.902746,0.353152,0.0,0.0,0.07827,0.03774
energy,44,113,0.054641,0.0,0.708558,0.644894,0.147072,0.0,0.0,0.032489,0.076667
energy,44,114,0.008861,0.0,0.826202,0.644894,0.018056,0.0,0.0,0.010338,0.020155
energy,44,115,-0.034705,0.0,0.712338,0.644894,0.025083,0.0,0.0,0.003692,0.074639
energy,44,116,-0.016024,0.0,0.763909,0.644894,0.027336,0.0,0.0,0.094515,0.08761
energy,44,117,0.016179,0.0,0.858932,0.644894,0.02386,0.0,0.0,0.107806,0.034303
energy,44,118,-0.047742,0.0,0.763909,0.644894,0.031481,0.0,0.0,0.056118,0.018956
energy,44,119,0.072363,0.0,1.076871,0.902746,0.355019,0.0,0.0,0.064241,0.119484
energy,44,120,0.025105,0.0,1.031338,0.902746,0.203605,0.0,0.0,0.107068,0.132399
energy,44,121,0.009241,0.0,0.824085,0.658442,0.104041,0.0,0.0,0.056118,0.070338
energy,44,122,0.027683,0.0,1.304261,0.902746,0.399992,0.0,0.0,0.144726,0.117956
energy,44,123,-0.043565,1.0,0.888769,0.644894,0.118191,0.0,0.0,0.020675,0.053169
energy,44,124,-0.000738,0.0,0.802263,0.644894,0.092678,0.0,0.0,0.045781,0.138735
energy,44,125,0.001477,0.0,0.757234,0.644894,0.147472,0.0,0.0,0.01846,0.011695
energy,44,126,0.041435,0.0,0.760128,0.644894,0.025678,0.0,0.0,0.097468,0.066129
energy,44,127,0.031751,1.0,0.989834,0.691814,0.653544,0.210932,0.0,0.11519,0.192551
energy,44,128,-0.157001,0.0,0.882279,0.644894,0.012544,0.0,0.0,0.112975,0.025244
energy,44,129,0.065717,0.0,1.011258,0.644894,0.035752,0.0,0.0,0.11076,0.147719
energy,44,130,-0.171308,0.0,1.052047,0.902746,0.404098,0.0,0.0,0.079008,0.07601
energy,44,131,-0.047361,0.0,0.882279,0.644894,0.039933,0.0,0.0,0.086392,0.043145
energy,44,132,0.016245,1.0,0.754524,0.644894,0.137703,0.464538,0.0,0.020675,0.083443
energy,44,133,0.002215,0.0,0.766025,0.644894,0.019597,0.0,0.0,0.05981,0.076842
energy,44,134,-0.019937,0.0,0.708558,0.644894,0.026256,0.0,0.0,0.006646,0.062049
energy,44,135,0.003477,0.0,0.701883,0.644894,0.135853,0.0,0.0,0.026582,0.027951
energy,44,136,0.090823,0.0,0.835647,0.644894,0.208281,0.0,0.0,0.066456,0.106867
energy,44,137,0.071624,0.0,0.807362,0.644894,0.59121,0.0,0.0,0.135865,0.124144
energy,44,138,0.009599,0.0,0.766025,0.644894,0.03378,0.0,0.0,0.009599,0.111139
energy,44,139,-0.027275,1.0,0.701883,0.644894,0.152411,0.257852,0.257852,0.032489,0.02439
energy,44,140,-0.006666,1.0,0.772515,0.644894,0.042347,0.046921,0.046921,0.022152,0.032479
energy,44,141,0.064214,0.0,0.840942,0.644894,0.053868,0.0,0.0,0.129219,0.079734
energy,44,142,-0.135784,0.0,0.840942,0.644894,0.019722,0.0,0.0,0.033228,0.00927
energy,44,143,0.015506,1.0,0.977109,0.644894,0.108321,0.474151,0.216299,0.05981,0.033435
energy,44,144,-0.135865,0.0,0.983781,0.902746,0.299849,0.0,0.0,0.038397,0.041003
energy,44,145,-0.01846,1.0,0.812769,0.644894,0.148471,0.300884,0.0,0.076793,0.018233
energy,44,146,-0.051688,0.0,0.757419,0.644894,0.01443,0.0,0.0,0.088608,0.002719
energy,44,147,0.034705,0.0,0.981935,0.644894,0.248013,0.271142,0.0,0.146203,0.124452
energy,44,148,-0.070281,0.0,0.983781,0.902746,0.258314,0.0,0.0,0.09673,0.011378
energy,44,149,-0.001477,0.0,0.766025,0.644894,0.686922,0.0,0.0,0.031013,0.001177
energy,44,150,-0.009599,0.0,0.983781,0.902746,0.28425,0.0,0.0,0.128481,0.12098
energy,44,151,-0.003692,0.0,0.861821,0.644894,0.219698,0.0,0.0,0.063502,0.022191
energy,44,152,0.030274,0.0,1.005164,0.902746,0.257267,0.0,0.0,0.01846,0.07828
energy,44,153,-0.036311,0.0,0.708558,0.644894,0.019613,0.0,0.0,0.074578,0.02984
energy,45,0,-0.087131,0.0,0.902783,0.658442,0.109847,0.0,0.0,0.102637,0.090885
energy,45,1,-0.083439,0.0,0.821376,0.644894,0.166834,0.0,0.0,0.022152,0.032327
energy,45,2,-0.031013,1.0,0.882279,0.644894,0.007244,0.0,0.0,0.084177,0.325767
energy,45,3,-0.02135,0.0,0.766025,0.644894,0.622164,0.0,0.0,0.07827,0.028829
energy,45,4,0.005169,1.0,0.753454,0.644894,0.155369,0.276754,0.0,0.056118,0.061478
energy,45,5,0.146203,0.0,0.774862,0.644894,0.481696,0.0,0.0,0.175,0.155226
energy,45,6,-0.077532,0.0,0.93385,0.644894,0.014853,0.0,0.0,0.008122,0.098966
energy,45,7,-0.042827,0.0,0.882279,0.644894,0.022276,0.0,0.0,0.132911,0.03638
energy,45,8,-0.104852,0.0,0.757234,0.644894,0.198207,0.0,0.0,0.073101,0.178135
energy,45,9,-0.093263,0.0,0.932211,0.644894,0.23415,0.0,0.0,0.063502,0.002103
energy,45,10,-0.172046,1.0,0.701883,0.644894,0.158335,0.013548,0.013548,0.076055,0.035701
energy,45,11,-0.08162,0.0,0.925539,0.644894,0.168298,0.0,0.0,0.081224,0.037091
energy,45,12,0.112236,0.0,0.839303,0.644894,0.185227,0.0,0.0,0.101899,0.258967
energy,45,13,0.009599,0.0,0.817595,0.644894,0.020703,0.0,0.0,0.047257,0.043005
energy,45,14,-0.048734,0.0,0.847432,0.644894,0.181096,0.0,0.0,0.006646,0.015911
energy,45,15,0.048734,0.0,1.015103,0.644894,0.241396,0.0,0.0,0.034705,0.087822
energy,45,16,0.058548,1.0,0.93385,0.644894,0.046529,0.257852,0.0,0.002954,0.100529
energy,45,17,-0.057687,0.0,0.826202,0.644894,0.026883,0.0,0.0,0.057595,0.028751
energy,45,18,-0.02289,0.0,0.712338,0.644894,0.022094,0.0,0.0,0.065717,0.098557
energy,45,19,-0.191245,0.0,0.882279,0.644894,0.038999,0.0,0.0,0.081962,0.026681
energy,45,20,0.031013,1.0,0.724069,0.644894,0.467782,0.646675,0.0,0.099684,0.188831
energy,45,21,0.097468,1.0,0.858932,0.644894,0.653644,0.474151,0.0,0.146203,0.174873
energy,45,22,0.006646,0.0,0.760128,0.644894,0.159688,0.0,0.0,0.021414,0.029497
energy,45,23,0.18903,0.0,0.858155,0.644894,0.610849,0.0,0.0,0.097468,0.20439
energy,45,24,-0.0923,1.0,0.753454,0.644894,0.15826,0.013548,0.0,0.116667,0.019047
energy,45,25,-0.174262,0.0,0.774631,0.644894,0.616147,0.0,0.0,0.014768,0.015477
energy,45,26,0.002215,1.0,0.932211,0.644894,0.286008,0.474151,0.009614,0.006646,0.11719
energy,45,27,-0.075316,0.0,0.766025,0.644894,0.636261,0.0,0.0,0.040612,0.088671
energy,45,28,-0.044304,0.0,0.809875,0.644894,0.163999,0.0,0.0,0.001477,0.056809
energy,45,29,0.066808,0.0,0.809875,0.644894,0.127862,0.0,0.0,0.039135,0.086568
energy,45,30,-0.008123,0.0,0.95184,0.691814,0.015464,0.0,0.0,0.021414,0.003323
energy,45,31,0.015414,0.0,0.867539,0.644894,0.023152,0.0,0.0,0.031751,0.078962
energy,45,32,0.030873,1.0,0.753454,0.644894,0.157069,0.0,0.0,0.000738,0.051618
energy,45,33,0.124789,0.0,0.854636,0.644894,0.541489,0.0,0.0,0.086392,0.16838
energy,45,34,0.006321,0.0,0.961055,0.644894,0.602741,0.0,0.0,0.019937,0.047095
energy,45,35,-0.022152,0.0,0.93385,0.644894,0.017005,0.257852,0.257852,0.056857,0.061526
energy,45,36,-0.04135,1.0,0.882279,0.644894,0.019429,0.0,0.0,0.084177,0.249357
energy,45,37,0.002503,0.0,0.875609,0.644894,0.575059,0.0,0.0,0.028059,0.010482
energy,45,38,0.0,1.0,0.932211,0.644894,0.254721,0.257852,0.257852,0.039135,0.112205
energy,45,39,0.016983,0.0,0.772515,0.644894,0.04019,0.0,0.0,0.060549,0.045224
energy,45,40,0.019198,1.0,0.979032,0.644894,0.258511,0.474151,0.474151,0.153587,0.180635
energy,45,41,-0.084916,0.0,0.774631,0.644894,0.021839,0.0,0.0,0.016245,0.001009
energy,45,42,-0.062025,0.0,0.901542,0.658442,0.034093,0.0,0.0,0.067933,0.129566
energy,45,43,-0.076055,0.0,0.884159,0.644894,0.225213,0.257852,0.257852,0.064241,0.112288
energy,45,44,-0.002215,0.0,0.854622,0.658442,0.027667,0.0,0.0,0.014768,0.146092
energy,45,45,-0.059072,0.0,0.958142,0.658442,0.192274,0.0,0.0,0.032489,0.153162
energy,45,46,0.011814,0.0,0.871298,0.658442,0.201377,0.0,0.0,0.056857,0.196458
energy,45,47,-0.003692,0.0,0.838052,0.644894,0.177788,0.0,0.0,0.071624,0.038933
energy,45,48,0.002954,0.0,0.835647,0.644894,0.248272,0.0,0.0,0.024367,0.012098
energy,45,49,0.028059,0.0,0.97547,0.644894,0.269326,0.271142,0.271142,0.10116,0.218308
energy,45,50,-0.025105,1.0,0.983781,0.902746,0.222277,0.216299,0.216299,0.114451,0.048971
energy,45,51,-0.054641,1.0,0.907609,0.658442,0.192879,0.460603,0.0,0.09673,0.109382
energy,45,52,0.056118,0.0,0.708558,0.644894,0.166808,0.0,0.0,0.163924,0.141549
energy,45,53,0.131102,0.0,0.766025,0.644894,0.653514,0.0,0.0,0.020675,0.154528
energy,45,54,-0.025105,0.0,0.763909,0.644894,0.027975,0.0,0.0,0.050211,0.0274
energy,45,55,-0.076136,1.0,0.701883,0.644894,0.154007,0.013548,0.013548,0.100422,0.011774
energy,45,56,0.027555,0.0,0.826202,0.644894,0.014114,0.0,0.0,0.000738,0.082817
energy,45,57,0.030274,0.0,0.817595,0.644894,0.649341,0.0,0.0,0.03692,0.173474
energy,45,58,0.108544,1.0,0.882279,0.644894,0.052612,0.0,0.0,0.104114,0.402992
energy,45,59,-0.035413,1.0,1.020369,0.644894,0.21742,0.0,0.0,0.04135,0.045427
energy,45,60,-0.030274,0.0,0.815479,0.658442,0.072405,0.0,0.0,0.005907,0.019928
energy,45,61,-0.040612,0.0,1.034046,0.902746,0.183,0.018901,0.018901,0.042089,0.129603
energy,45,62,0.056118,0.0,0.763909,0.644894,0.198093,0.0,0.0,0.155063,0.119621
energy,45,63,0.016245,0.0,0.824152,0.644894,0.50167,0.0,0.0,0.01846,0.093373
energy,45,64,0.00443,1.0,1.05644,0.644894,0.267178,0.474151,0.474151,0.186814,0.294357
energy,45,65,0.128481,0.0,0.867539,0.644894,0.626593,0.0,0.0,0.073101,0.171424
energy,45,66,-0.075316,0.0,0.807362,0.644894,0.63102,0.0,0.0,0.091561,0.100625
energy,45,67,-0.015506,0.0,0.763909,0.644894,0.195597,0.0,0.0,0.021414,0.020412
energy,45,68,-0.020383,0.0,0.754524,0.644894,0.121564,0.0,0.0,0.042089,0.017498
energy,45,69,-0.055321,0.0,0.877772,0.691814,0.024459,0.0,0.0,0.031751,0.028457
energy,45,70,-0.029401,0.0,0.90755,0.644894,0.336284,0.0,0.0,0.034705,0.048801
energy,45,71,0.033966,1.0,0.981559,0.644894,0.221522,0.474151,0.474151,0.220042,0.521218
energy,45,72,0.023629,0.0,0.890355,0.644894,0.032491,0.013548,0.0,0.098945,0.114559
energy,45,73,0.110298,0.0,0.724069,0.644894,0.516225,0.0,0.0,0.110021,0.116805
energy,45,74,-0.105591,0.0,0.835647,0.644894,0.273335,0.0,0.0,0.039135,0.039216
energy,45,75,0.009694,0.0,0.867539,0.644894,0.021799,0.0,0.0,0.001477,0.084963
energy,45,76,-0.043565,0.0,0.775639,0.644894,0.456706,0.0,0.0,0.090084,0.13683
energy,45,77,-0.103376,0.0,0.724069,0.644894,0.517696,0.0,0.0,0.081224,0.037254
energy,45,78,0.003692,0.0,0.981559,0.644894,0.262932,0.0,0.0,0.056857,0.231627
energy,45,79,0.11076,0.0,0.888731,0.735998,0.321607,0.0,0.0,0.095992,0.20969
energy,45,80,0.010203,0.0,0.925539,0.644894,0.173642,0.0,0.0,0.145464,0.045344
energy,45,81,0.138963,1.0,0.766025,0.644894,0.662998,0.646675,0.0,0.093038,0.192055
energy,45,82,0.022964,0.0,0.708558,0.644894,0.025155,0.0,0.0,0.031013,0.038803
energy,45,83,0.050211,0.0,0.754524,0.644894,0.129515,0.0,0.0,0.063502,0.096009
energy,45,84,-0.017722,0.0,0.760128,0.644894,0.157363,0.013548,0.0,0.07384,0.074155
energy,45,85,0.020675,0.0,0.763909,0.644894,0.073053,0.0,0.0,0.019937,0.139216
energy,45,86,0.057595,0.0,0.768913,0.644894,0.173179,0.0,0.0,0.010338,0.14163
energy,45,87,0.077375,1.0,0.935772,0.644894,0.186069,0.257852,0.0,0.057595,0.097759
energy,45,88,0.013074,0.0,0.867003,0.644894,0.488549,0.0,0.0,0.025105,0.053794
energy,45,89,-0.116667,0.0,0.794791,0.644894,0.161986,0.0,0.0,0.016245,0.015071
energy,45,90,-0.061556,0.0,0.750744,0.644894,0.092932,0.0,0.0,0.025844,0.013895
energy,45,91,-0.029536,0.0,0.724069,0.644894,0.551952,0.0,0.0,0.019937,0.10617
energy,45,92,0.007699,0.0,0.812769,0.644894,0.033233,0.0,0.0,0.007384,0.014187
energy,45,93,-0.071624,1.0,0.763909,0.644894,0.190382,0.474151,0.0,0.118882,0.133973
energy,45,94,0.062623,1.0,0.882279,0.644894,0.046734,0.464538,0.0,0.063502,0.126565
energy,45,95,-0.029536,1.0,0.708558,0.644894,0.150825,0.257852,0.0,0.100422,0.150316
energy,45,96,0.032519,0.0,0.868996,0.644894,0.142857,0.0,0.0,0.057595,0.040996
energy,45,97,-0.029536,0.0,0.907675,0.644894,0.159132,0.0,0.0,0.033228,0.000887
energy,45,98,0.045781,0.0,0.708558,0.644894,0.035235,0.0,0.0,0.02289,0.071733
energy,45,99,-0.030274,0.0,0.864108,0.644894,0.185813,0.0,0.0,0.039135,0.001915
energy,45,100,0.048734,1.0,1.147497,0.644894,0.130699,0.474151,0.0,0.11519,0.48014
energy,45,101,-0.037658,0.0,1.02868,0.902746,0.152233,0.0,0.0,0.086392,0.015293
energy,45,102,-0.000738,0.0,1.012626,0.902746,0.209537,0.0,0.0,0.048734,0.000435
energy,45,103,0.123312,0.0,1.027041,0.902746,0.285225,0.0,0.0,0.107068,0.238582
energy,45,104,0.005169,0.0,0.766255,0.644894,0.153189,0.0,0.0,0.013291,0.05404
energy,45,105,-0.098207,0.0,0.847432,0.644894,0.139489,0.0,0.0,0.093038,0.130827
energy,45,106,-0.016245,0.0,0.841595,0.644894,0.479684,0.0,0.0,0.051688,0.059252
energy,45,107,-0.04135,1.0,0.94034,0.658442,0.110715,0.0,0.0,0.038397,0.080514
energy,45,108,0.015662,0.0,0.708558,0.644894,0.036048,0.0,0.0,0.069409,0.036998
energy,45,109,0.059465,0.0,0.912426,0.691814,0.08335,0.0,0.0,0.053903,0.114279
energy,45,110,0.044487,0.0,0.840942,0.644894,0.035993,0.0,0.0,0.01403,0.059532
energy,45,111,-0.00443,1.0,0.835647,0.644894,0.230375,0.474151,0.216299,0.09673,0.303799
energy,45,112,-0.053165,0.0,1.002097,0.902746,0.353152,0.0,0.0,0.036181,0.045699
energy,45,113,0.04135,1.0,0.708558,0.644894,0.147072,0.046921,0.046921,0.002215,0.058207
energy,45,114,-0.113713,0.0,0.826202,0.644894,0.018056,0.0,0.0,0.011076,0.000218
energy,45,115,0.007384,0.0,0.712338,0.644894,0.025083,0.0,0.0,0.007384,0.127065
energy,45,116,0.0827,0.0,0.763909,0.644894,0.027336,0.0,0.0,0.132911,0.08739
energy,45,117,0.008861,0.0,0.858932,0.644894,0.02386,0.0,0.0,0.035443,0.021815
energy,45,118,-0.000738,1.0,0.763909,0.644894,0.031481,0.013548,0.0,0.091561,0.132415
energy,45,119,0.045507,0.0,1.076871,0.902746,0.355019,0.0,0.0,0.066456,0.065581
energy,45,120,0.118596,0.0,1.031338,0.902746,0.203605,0.0,0.0,0.141772,0.121323
energy,45,121,0.065337,0.0,0.824085,0.658442,0.104041,0.0,0.0,0.120359,0.089894
energy,45,122,-0.02916,0.0,1.304261,0.902746,0.399992,0.0,0.0,0.028797,0.02677
energy,45,123,-0.04651,0.0,0.888769,0.644894,0.118191,0.0,0.0,0.009599,0.036186
energy,45,124,-0.036348,0.0,0.802263,0.644894,0.092678,0.0,0.0,0.01403,0.042744
energy,45,125,-0.121835,1.0,0.757234,0.644894,0.147472,0.013548,0.013548,0.044304,0.051069
energy,45,126,-0.00443,0.0,0.760128,0.644894,0.025678,0.0,0.0,0.006646,0.009272
energy,45,127,-0.024367,0.0,0.989834,0.691814,0.653544,0.0,0.0,0.153587,0.020107
energy,45,128,-0.072086,0.0,0.882279,0.644894,0.012544,0.0,0.0,0.149895,0.000139
energy,45,129,0.062025,1.0,1.011258,0.644894,0.035752,0.792887,0.0,0.115928,0.374407
energy,45,130,-0.107068,0.0,1.052047,0.902746,0.404098,0.0,0.0,0.090823,0.130651
energy,45,131,0.037555,0.0,0.882279,0.644894,0.039933,0.0,0.0,0.062025,0.126583
energy,45,132,0.00887,0.0,0.754524,0.644894,0.137703,0.0,0.0,0.045781,0.042093
energy,45,133,0.024367,0.0,0.766025,0.644894,0.019597,0.0,0.0,0.047257,0.055428
energy,45,134,0.009599,0.0,0.708558,0.644894,0.026256,0.0,0.0,0.021414,0.110045
energy,45,135,-0.066456,1.0,0.701883,0.644894,0.135853,0.276754,0.276754,0.053165,0.0865
energy,45,136,-0.035443,1.0,0.835647,0.644894,0.208281,0.091104,0.091104,0.175738,0.273745
energy,45,137,0.118882,0.0,0.807362,0.644894,0.59121,0.0,0.0,0.102637,0.293237
energy,45,138,0.068671,0.0,0.766025,0.644894,0.03378,0.0,0.0,0.063502,0.162088
energy,45,139,-0.107806,0.0,0.701883,0.644894,0.152411,0.0,0.0,0.07384,0.047234
energy,45,140,-0.005169,0.0,0.772515,0.644894,0.042347,0.0,0.0,0.011814,0.008112
energy,45,141,0.097468,1.0,0.840942,0.644894,0.053868,1.272315,0.0,0.077532,0.417181
energy,45,142,0.049473,1.0,0.840942,0.644894,0.019722,0.257852,0.257852,0.143249,0.10157
energy,45,143,0.024043,1.0,0.977109,0.644894,0.108321,0.474151,0.474151,0.048734,0.04968
energy,45,144,0.016245,1.0,0.983781,0.902746,0.299849,0.388823,0.388823,0.200106,0.1975
energy,45,145,-0.013291,0.0,0.812769,0.644894,0.148471,0.0,0.0,0.064241,0.076567
energy,45,146,-0.035443,0.0,0.757419,0.644894,0.01443,0.0,0.0,0.07827,0.038162
energy,45,147,-0.045716,0.0,0.981935,0.644894,0.248013,0.0,0.0,0.012553,0.015908
energy,45,148,0.037658,1.0,0.983781,0.902746,0.258314,0.535034,0.535034,0.203798,0.235113
energy,45,149,-0.080485,0.0,0.766025,0.644894,0.686922,0.0,0.0,0.037658,0.072663
energy,45,150,0.063502,1.0,0.983781,0.902746,0.28425,0.0,0.0,0.058333,0.226571
energy,45,151,-0.017799,0.0,0.861821,0.644894,0.219698,0.0,0.0,0.109283,0.018421
energy,45,152,-0.023629,0.0,1.005164,0.902746,0.257267,0.01329,0.0,0.063502,0.065728
energy,45,153,-0.102637,0.0,0.708558,0.644894,0.019613,0.0,0.0,0.009599,0.002649
energy,46,0,-0.038397,0.0,0.902783,0.658442,0.109847,0.0,0.0,0.071624,0.003754
energy,46,1,0.043152,0.0,0.821376,0.644894,0.166834,0.0,0.0,0.000738,0.048896
energy,46,2,-0.095992,1.0,0.882279,0.644894,0.007244,0.474151,0.474151,0.232595,0.332413
energy,46,3,0.031013,0.0,0.766025,0.644894,0.622164,0.0,0.0,0.026582,0.138787
energy,46,4,0.029918,0.0,0.753454,0.644894,0.155369,0.0,0.0,0.005169,0.050402
energy,46,5,0.014768,0.0,0.774862,0.644894,0.481696,0.0,0.0,0.045781,0.097631
energy,46,6,0.045781,0.0,0.93385,0.644894,0.014853,0.0,0.0,0.036181,0.058354
energy,46,7,-0.080485,0.0,0.882279,0.644894,0.022276,0.0,0.0,0.087869,0.100224
energy,46,8,-0.016245,0.0,0.757234,0.644894,0.198207,0.0,0.0,0.017722,0.163367
energy,46,9,-0.030274,0.0,0.932211,0.644894,0.23415,0.0,0.0,0.062764,0.025957
energy,46,10,0.016245,0.0,0.701883,0.644894,0.158335,0.0,0.0,0.058333,0.026841
energy,46,11,-0.140637,0.0,0.925539,0.644894,0.168298,0.0,0.0,0.112975,0.002783
energy,46,12,-0.022152,0.0,0.839303,0.644894,0.185227,0.0,0.0,0.0827,0.126056
energy,46,13,0.037658,0.0,0.817595,0.644894,0.020703,0.0,0.0,0.154325,0.12349
energy,46,14,-0.014839,1.0,0.847432,0.644894,0.181096,0.0,0.0,0.155063,0.084511
energy,46,15,0.056118,0.0,1.015103,0.644894,0.241396,0.0,0.0,0.067194,0.137294
energy,46,16,0.0827,0.0,0.93385,0.644894,0.046529,0.0,0.0,0.01846,0.088715
energy,46,17,0.009692,0.0,0.826202,0.644894,0.026883,0.0,0.0,0.084916,0.027367
energy,46,18,-0.010338,0.0,0.712338,0.644894,0.022094,0.0,0.0,0.062025,0.080097
energy,46,19,0.110021,0.0,0.882279,0.644894,0.038999,0.0,0.0,0.086392,0.144086
energy,46,20,0.054641,1.0,0.724069,0.644894,0.467782,0.0,0.0,0.031013,0.105393
energy,46,21,0.086392,0.0,0.858932,0.644894,0.653644,0.0,0.0,0.236287,0.145591
energy,46,22,0.109283,0.0,0.760128,0.644894,0.159688,0.0,0.0,0.005907,0.117444
energy,46,23,-0.142511,0.0,0.858155,0.644894,0.610849,0.0,0.0,0.086392,0.149011
energy,46,24,-0.091259,0.0,0.753454,0.644894,0.15826,0.0,0.0,0.16097,0.026733
energy,46,25,-0.025164,0.0,0.774631,0.644894,0.616147,0.0,0.0,0.001477,0.042059
energy,46,26,-0.068671,0.0,0.932211,0.644894,0.286008,0.0,0.0,0.002954,0.001692
energy,46,27,-0.010338,0.0,0.766025,0.644894,0.636261,0.0,0.0,0.01403,0.048797
energy,46,28,-0.01403,1.0,0.809875,0.644894,0.163999,0.0,0.0,0.005907,0.130648
energy,46,29,-0.056118,0.0,0.809875,0.644894,0.127862,0.0,0.0,0.006646,0.069585
energy,46,30,0.087869,0.0,0.95184,0.691814,0.015464,0.0,0.0,0.141772,0.103745
energy,46,31,-0.064979,1.0,0.867539,0.644894,0.023152,0.464538,0.0,0.001477,0.067886
energy,46,32,-0.000879,0.0,0.753454,0.644894,0.157069,0.013548,0.013548,0.052426,0.011006
energy,46,33,0.039873,0.0,0.854636,0.644894,0.541489,0.0,0.0,0.011076,0.107831
energy,46,34,-0.125941,0.0,0.961055,0.644894,0.602741,0.0,0.0,0.019937,0.007546
energy,46,35,-0.108066,1.0,0.93385,0.644894,0.017005,0.464538,0.206685,0.01846,0.045281
energy,46,36,-0.147679,1.0,0.882279,0.644894,0.019429,0.939889,0.010457,0.16097,0.334273
energy,46,37,-0.049761,0.0,0.875609,0.644894,0.575059,0.0,0.0,0.009599,0.013885
energy,46,38,0.054705,0.0,0.932211,0.644894,0.254721,0.0,0.0,0.102637,0.063534
energy,46,39,0.010701,0.0,0.772515,0.644894,0.04019,0.0,0.0,0.067933,0.024549
energy,46,40,0.127548,0.0,0.979032,0.644894,0.258511,0.257852,0.0,0.067194,0.13023
energy,46,41,-0.009058,0.0,0.774631,0.644894,0.021839,0.0,0.0,0.086392,0.03719
energy,46,42,-0.095992,0.0,0.901542,0.658442,0.034093,0.0,0.0,0.044304,0.156887
energy,46,43,-0.141876,0.0,0.884159,0.644894,0.225213,0.0,0.0,0.006646,0.015454
energy,46,44,-0.122574,0.0,0.854622,0.658442,0.027667,0.0,0.0,0.0,0.100311
energy,46,45,-0.066456,0.0,0.958142,0.658442,0.192274,0.0,0.0,0.016245,0.156854
energy,46,46,-0.084916,0.0,0.871298,0.658442,0.201377,0.0,0.0,0.001477,0.122618
energy,46,47,-0.023294,0.0,0.838052,0.644894,0.177788,0.0,0.0,0.049473,0.050009
energy,46,48,-0.094515,0.0,0.835647,0.644894,0.248272,0.091104,0.0,0.008861,0.03868
energy,46,49,0.011814,0.0,0.97547,0.644894,0.269326,0.271142,0.0,0.01403,0.027801
energy,46,50,-0.075316,0.0,0.983781,0.902746,0.222277,0.0,0.0,0.064241,0.094278
energy,46,51,0.066456,0.0,0.907609,0.658442,0.192879,0.0,0.0,0.07384,0.083538
energy,46,52,-0.003984,0.0,0.708558,0.644894,0.166808,0.0,0.0,0.030274,0.046742
energy,46,53,-0.109283,0.0,0.766025,0.644894,0.653514,0.0,0.0,0.012553,0.117608
energy,46,54,-0.001634,1.0,0.763909,0.644894,0.027975,0.474151,0.474151,0.000738,0.033149
energy,46,55,-0.076793,0.0,0.701883,0.644894,0.154007,0.0,0.0,0.031751,0.017762
energy,46,56,0.003692,0.0,0.826202,0.644894,0.014114,0.0,0.0,0.077532,0.009716
energy,46,57,-0.011076,0.0,0.817595,0.644894,0.649341,0.0,0.0,0.047257,0.205225
energy,46,58,-0.175,0.0,0.882279,0.644894,0.052612,0.0,0.0,0.121097,0.121663
energy,46,59,-0.008861,0.0,1.020369,0.644894,0.21742,0.0,0.0,0.006646,0.046903
energy,46,60,-0.052426,1.0,0.815479,0.658442,0.072405,0.657183,0.412879,0.054641,0.016975
energy,46,61,-0.086392,0.0,1.034046,0.902746,0.183,0.0,0.0,0.161709,0.02992
energy,46,62,0.010336,0.0,0.763909,0.644894,0.198093,0.0,0.0,0.011076,0.031012
energy,46,63,-0.012553,0.0,0.824152,0.644894,0.50167,0.0,0.0,0.064241,0.121432
energy,46,64,-0.088608,1.0,1.05644,0.644894,0.267178,0.474151,0.0,0.040612,0.030011
energy,46,65,-0.15211,0.0,0.867539,0.644894,0.626593,0.0,0.0,0.034705,0.134504
energy,46,66,0.061693,0.0,0.807362,0.644894,0.63102,0.0,0.0,0.021414,0.069613
energy,46,67,0.016983,1.0,0.763909,0.644894,0.195597,0.0,0.0,0.045042,0.037183
energy,46,68,0.050211,0.0,0.754524,0.644894,0.121564,0.0,0.0,0.09673,0.05368
energy,46,69,-0.002954,0.0,0.877772,0.691814,0.024459,0.0,0.0,0.085654,0.035045
energy,46,70,-0.146337,0.0,0.90755,0.644894,0.336284,0.0,0.0,0.112236,0.002886
energy,46,71,-0.079008,1.0,0.981559,0.644894,0.221522,0.474151,0.474151,0.139557,0.296007
energy,46,72,0.094729,0.0,0.890355,0.644894,0.032491,0.013548,0.0,0.178692,0.096837
energy,46,73,0.067471,0.0,0.724069,0.644894,0.516225,0.0,0.0,0.007384,0.073978
energy,46,74,-0.048157,0.0,0.835647,0.644894,0.273335,0.0,0.0,0.062764,0.042008
energy,46,75,-0.049473,1.0,0.867539,0.644894,0.021799,0.0,0.0,0.047996,0.017031
energy,46,76,0.008122,0.0,0.775639,0.644894,0.456706,0.0,0.0,0.064241,0.068445
energy,46,77,-0.059072,0.0,0.724069,0.644894,0.517696,0.0,0.0,0.025844,0.004765
energy,46,78,-0.024367,1.0,0.981559,0.644894,0.262932,0.474151,0.474151,0.23038,0.376353
energy,46,79,0.141743,0.0,0.888731,0.735998,0.321607,0.0,0.0,0.087131,0.175724
energy,46,80,0.00235,0.0,0.925539,0.644894,0.173642,0.0,0.0,0.026582,0.033664
energy,46,81,-0.114451,1.0,0.766025,0.644894,0.662998,0.644894,0.0,0.05981,0.179502
energy,46,82,-0.046519,0.0,0.708558,0.644894,0.025155,0.0,0.0,0.062764,0.006978
energy,46,83,0.045781,0.0,0.754524,0.644894,0.129515,0.0,0.0,0.050211,0.098224
energy,46,84,-0.032383,0.0,0.760128,0.644894,0.157363,0.0,0.0,0.027321,0.001899
energy,46,85,0.021414,1.0,0.763909,0.644894,0.073053,0.046921,0.0,0.070148,0.170228
energy,46,86,-0.034705,0.0,0.768913,0.644894,0.173179,0.0,0.0,0.005169,0.097326
energy,46,87,-0.073258,0.0,0.935772,0.644894,0.186069,0.0,0.0,0.045042,0.061578
energy,46,88,-0.011597,0.0,0.867003,0.644894,0.488549,0.0,0.0,0.016245,0.028906
energy,46,89,0.076793,0.0,0.794791,0.644894,0.161986,0.0,0.0,0.049473,0.145767
energy,46,90,-0.012084,1.0,0.750744,0.644894,0.092932,0.464538,0.464538,0.029536,0.01168
energy,46,91,-0.079747,0.0,0.724069,0.644894,0.551952,0.0,0.0,0.019937,0.059651
energy,46,92,0.04831,0.0,0.812769,0.644894,0.033233,0.0,0.0,0.035443,0.056275
energy,46,93,0.084916,0.0,0.763909,0.644894,0.190382,0.0,0.0,0.061287,0.092623
energy,46,94,-0.065119,0.0,0.882279,0.644894,0.046734,0.0,0.0,0.002215,0.018021
energy,46,95,-0.05981,0.0,0.708558,0.644894,0.150825,0.0,0.0,0.007384,0.015928
energy,46,96,-0.02289,0.0,0.868996,0.644894,0.142857,0.0,0.0,0.07827,0.160587
energy,46,97,0.036181,0.0,0.907675,0.644894,0.159132,0.0,0.0,0.10116,0.191096
energy,46,98,-0.017722,0.0,0.708558,0.644894,0.035235,0.0,0.0,0.102637,0.087239
energy,46,99,-0.059072,0.0,0.864108,0.644894,0.185813,0.0,0.0,0.07827,0.007684
energy,46,100,-0.040612,0.0,1.147497,0.644894,0.130699,0.0,0.0,0.147679,0.194381
energy,46,101,-0.127004,1.0,1.02868,0.902746,0.152233,0.0,0.0,0.02289,0.088821
energy,46,102,0.050211,0.0,1.012626,0.902746,0.209537,0.0,0.0,0.088608,0.055076
energy,46,103,0.064241,0.0,1.027041,0.902746,0.285225,0.0,0.0,0.064241,0.15219
energy,46,104,0.001203,0.0,0.766255,0.644894,0.153189,0.0,0.0,0.10116,0.028661
energy,46,105,-0.012553,0.0,0.847432,0.644894,0.139489,0.0,0.0,0.11519,0.003823
energy,46,106,0.004808,0.0,0.841595,0.644894,0.479684,0.0,0.0,0.057595,0.016064
energy,46,107,-0.028856,0.0,0.94034,0.658442,0.110715,0.0,0.0,0.124789,0.025815
energy,46,108,-0.016983,1.0,0.708558,0.644894,0.036048,0.046921,0.046921,0.081224,0.080407
energy,46,109,-0.008122,1.0,0.912426,0.691814,0.08335,0.210932,0.0,0.00443,0.091389
energy,46,110,0.008305,0.0,0.840942,0.644894,0.035993,0.0,0.0,0.019937,0.027043
energy,46,111,-0.089346,1.0,0.835647,0.644894,0.230375,0.792887,0.0,0.008122,0.074896
energy,46,112,-0.001477,0.0,1.002097,0.902746,0.353152,0.0,0.0,0.083439,0.072445
energy,46,113,-0.027068,1.0,0.708558,0.644894,0.147072,0.013548,0.0,0.077532,0.043692
energy,46,114,-0.015809,1.0,0.826202,0.644894,0.018056,0.257852,0.257852,0.039135,0.028277
energy,46,115,0.070148,1.0,0.712338,0.644894,0.025083,0.046921,0.0,0.038397,0.113774
energy,46,116,-0.020157,0.0,0.763909,0.644894,0.027336,0.0,0.0,0.083439,0.00912
energy,46,117,0.075316,0.0,0.858932,0.644894,0.02386,0.0,0.0,0.145464,0.091963
energy,46,118,0.031013,1.0,0.763909,0.644894,0.031481,0.013548,0.0,0.134388,0.09771
energy,46,119,0.100887,0.0,1.076871,0.902746,0.355019,0.0,0.0,0.040612,0.1025
energy,46,120,0.02289,0.0,1.031338,0.902746,0.203605,0.0,0.0,0.112236,0.051914
energy,46,121,0.02251,0.0,0.824085,0.658442,0.104041,0.0,0.0,0.075316,0.024916
energy,46,122,-0.02916,0.0,1.304261,0.902746,0.399992,0.0,0.0,0.149156,0.019386
energy,46,123,-0.056857,0.0,0.888769,0.644894,0.118191,0.0,0.0,0.049473,0.032494
energy,46,124,0.00312,0.0,0.802263,0.644894,0.092678,0.0,0.0,0.07827,0.010421
energy,46,125,-0.043804,0.0,0.757234,0.644894,0.147472,0.0,0.0,0.11962,0.019817
energy,46,126,-0.05538,1.0,0.760128,0.644894,0.025678,0.646675,0.388823,0.008122,0.043977
energy,46,127,-0.103773,0.0,0.989834,0.691814,0.653544,0.0,0.0,0.040612,0.006816
energy,46,128,0.090084,0.0,0.882279,0.644894,0.012544,0.0,0.0,0.023629,0.123912
energy,46,129,-0.024288,0.0,1.011258,0.644894,0.035752,0.0,0.0,0.091561,0.058373
energy,46,130,-0.149156,0.0,1.052047,0.902746,0.404098,0.0,0.0,0.067933,0.059027
energy,46,131,0.053268,0.0,0.882279,0.644894,0.039933,0.0,0.0,0.068671,0.089028
energy,46,132,-0.145464,1.0,0.754524,0.644894,0.137703,0.0,0.0,0.011076,0.005912
energy,46,133,-0.071721,0.0,0.766025,0.644894,0.019597,0.0,0.0,0.085654,0.016196
energy,46,134,0.007384,1.0,0.708558,0.644894,0.026256,0.492453,0.0,0.064241,0.090108
energy,46,135,-0.012553,0.0,0.701883,0.644894,0.135853,0.0,0.0,0.039873,0.050319
energy,46,136,-0.05867,0.0,0.835647,0.644894,0.208281,0.0,0.0,0.025105,0.052627
energy,46,137,-0.143249,0.0,0.807362,0.644894,0.59121,0.0,0.0,0.091561,0.046613
energy,46,138,-0.121097,1.0,0.766025,0.644894,0.03378,0.930892,0.285998,0.017722,0.108923
energy,46,139,-0.023629,0.0,0.701883,0.644894,0.152411,0.0,0.0,0.000738,0.017744
energy,46,140,0.030274,0.0,0.772515,0.644894,0.042347,0.0,0.0,0.00443,0.071614
energy,46,141,-0.081197,0.0,0.840942,0.644894,0.053868,0.0,0.0,0.095253,0.000752
energy,46,142,-0.082781,0.0,0.840942,0.644894,0.019722,0.0,0.0,0.015506,0.024696
energy,46,143,0.010338,0.0,0.977109,0.644894,0.108321,0.0,0.0,0.121835,0.195468
energy,46,144,-0.035443,1.0,0.983781,0.902746,0.299849,0.0,0.0,0.027321,0.067585
energy,46,145,-0.048734,0.0,0.812769,0.644894,0.148471,0.046921,0.046921,0.036181,0.014541
energy,46,146,0.102637,0.0,0.757419,0.644894,0.01443,0.0,0.0,0.11962,0.117909
energy,46,147,-0.095253,0.0,0.981935,0.644894,0.248013,0.271142,0.0,0.040612,0.074979
energy,46,148,-0.087131,1.0,0.983781,0.902746,0.258314,0.0,0.0,0.033228,0.075752
energy,46,149,0.011215,0.0,0.766025,0.644894,0.686922,0.0,0.0,0.019198,0.023329
energy,46,150,-0.0827,0.0,0.983781,0.902746,0.28425,0.0,0.0,0.069409,0.070769
energy,46,151,0.0,0.0,0.861821,0.644894,0.219698,0.0,0.0,0.07827,0.011853
energy,46,152,-0.038397,0.0,1.005164,0.902746,0.257267,0.0,0.0,0.093038,0.045791
energy,46,153,-0.044304,1.0,0.708558,0.644894,0.019613,0.0,0.0,0.047257,0.01151
